Customer ID,Marital,Job,Home,Income,Expenses,Assets,Debt,Loan_Term,Loan_Amount,Job_type_1,Job_type_2,Credit Score
364782,married,freelance,tenant,129000,73000,0,0,60,800,1,0,54
364783,single,fixed,tenant,131000,48000,0,0,60,1000,0,1,65
364784,married,freelance,owner,200000,90000,3000,0,36,2000,1,0,49
364785,single,fixed,tenant,182000,63000,2500,0,60,900,0,1,55
364786,single,fixed,tenant,107000,46000,0,0,36,310,0,1,75
364787,married,fixed,owner,214000,75000,3500,0,60,650,0,1,84
364788,married,fixed,owner,125000,75000,10000,0,60,1600,0,1,68
364789,single,fixed,tenant,80000,35000,0,0,12,200,0,1,76
364790,married,freelance,owner,107000,90000,15000,0,60,1200,1,0,62
364791,married,parttime,tenant,80000,90000,0,0,48,1200,0,0,43
364792,married,freelance,owner,125000,60000,4000,0,48,1150,1,0,76
364793,married,fixed,owner,121000,60000,3000,0,36,650,0,1,92
364794,married,fixed,owner,199000,75000,5000,2500,60,1500,0,1,83
364795,married,fixed,tenant,170000,75000,3500,260,36,600,0,1,74
364796,single,parttime,tenant,50000,35000,0,0,18,400,0,0,33
364797,married,fixed,owner,131000,75000,4162,0,24,900,0,1,85
364798,single,freelance,tenant,330000,35000,16500,0,24,1500,1,0,62
364799,married,freelance,tenant,200000,65000,5000,2000,24,600,1,0,60
364800,married,parttime,tenant,130000,45000,750,0,48,1100,0,0,38
364801,single,fixed,tenant,137000,35000,0,0,60,1250,0,1,65
364802,single,fixed,tenant,107000,46000,0,0,60,1500,0,1,70
364803,single,fixed,owner,324000,45000,10000,0,60,1100,0,1,63
364804,married,parttime,owner,112000,105000,2000,500,60,600,0,0,76
364805,married,fixed,tenant,140000,74000,0,0,60,950,0,1,71
364806,married,fixed,owner,143000,45000,3500,0,60,1350,0,1,91
364807,married,fixed,owner,130000,60000,4000,0,36,700,0,1,81
364808,single,fixed,owner,180000,75000,4000,0,60,1000,0,1,62
364809,married,fixed,owner,251000,75000,4000,0,36,1800,0,1,94
364810,married,fixed,owner,85000,75000,5000,0,24,600,0,1,74
364811,married,fixed,owner,150000,45000,5000,3300,48,1100,0,1,93
364812,single,parttime,owner,122000,45000,2500,0,36,400,0,0,50
364813,married,parttime,tenant,198000,75000,1000,0,24,450,0,0,55
364814,married,freelance,owner,150000,75000,3000,0,36,1000,1,0,58
364815,single,fixed,tenant,170000,35000,0,0,36,1100,0,1,73
364816,married,freelance,owner,119000,45000,8500,0,24,700,1,0,67
364817,married,freelance,owner,208000,45000,13500,0,24,500,1,0,83
364818,married,fixed,owner,115000,75000,3000,0,48,800,0,1,83
364819,married,fixed,tenant,99000,70000,0,0,54,950,0,1,62
364820,married,fixed,owner,120000,45000,14000,0,60,1125,0,1,67
364821,single,fixed,tenant,90000,44000,0,0,48,1300,0,1,65
364822,married,fixed,owner,137000,75000,4000,0,60,900,0,1,83
364823,single,freelance,owner,230000,35000,50000,0,60,950,1,0,68
364824,married,fixed,owner,142000,45000,7000,3000,60,1250,0,1,54
364825,married,parttime,owner,71000,75000,3000,0,60,1500,0,0,52
364826,single,parttime,tenant,120000,35000,0,0,60,1150,0,0,45
364827,single,freelance,owner,233000,35000,15900,4500,60,2100,1,0,65
364828,married,fixed,owner,289000,75000,3500,0,36,1500,0,1,79
364829,single,fixed,tenant,128000,48000,0,0,36,450,0,1,56
364830,married,freelance,owner,150000,60000,15000,0,36,750,1,0,82
364831,married,fixed,owner,145000,60000,4000,1000,60,1600,0,1,63
364832,married,fixed,owner,90000,75000,4000,0,60,900,0,1,76
364833,married,fixed,tenant,301000,105000,0,0,60,1200,0,1,55
364834,married,freelance,owner,200000,75000,2100,1200,36,900,1,0,65
364835,married,freelance,tenant,150000,60000,500,0,12,500,1,0,69
364836,married,freelance,tenant,100000,85000,0,0,48,1000,1,0,52
364837,single,fixed,tenant,100000,35000,0,0,60,1000,0,1,72
364838,single,fixed,tenant,100000,45000,5000,0,30,500,0,1,84
364839,married,fixed,owner,155000,60000,4000,0,24,600,0,1,75
364840,married,fixed,owner,715000,90000,5000,0,24,800,0,1,110
364841,married,fixed,tenant,245000,70000,0,0,60,1830,0,1,51
364842,married,fixed,tenant,150000,90000,0,0,48,1100,0,1,72
364843,single,fixed,tenant,70000,35000,0,0,42,600,0,1,72
364844,married,fixed,owner,190000,75000,3000,0,24,1000,0,1,82
364845,married,fixed,owner,152000,75000,3000,0,36,1000,0,1,83
364846,married,fixed,tenant,126000,75000,3000,0,60,1350,0,1,58
364847,married,freelance,owner,181000,75000,4000,0,18,600,1,0,88
364848,married,fixed,owner,185000,60000,3000,0,60,1200,0,1,80
364849,married,fixed,owner,170000,45000,2500,0,60,850,0,1,92
364850,married,fixed,tenant,176000,93000,7500,0,60,2000,0,1,61
364851,married,freelance,tenant,238000,60000,0,0,36,900,1,0,70
364852,married,fixed,tenant,115000,60000,5500,800,60,1000,0,1,73
364853,married,fixed,owner,200000,45000,9000,0,48,600,0,1,75
364854,married,freelance,owner,411000,75000,9000,4000,36,800,1,0,55
364855,married,fixed,owner,93000,75000,3000,0,24,700,0,1,71
364856,married,fixed,tenant,108000,86000,0,0,60,1000,0,1,57
364857,married,freelance,owner,500000,90000,4000,0,12,500,1,0,78
364858,married,freelance,tenant,45000,45000,0,0,36,900,1,0,48
364859,married,fixed,tenant,250000,70000,30000,0,36,1750,0,1,66
364860,married,fixed,owner,100000,45000,3000,0,48,900,0,1,94
364861,married,fixed,owner,70000,60000,4000,0,36,1000,0,1,75
364862,married,fixed,tenant,150000,60000,0,0,36,550,0,1,77
364863,married,fixed,owner,70000,60000,4500,0,36,850,0,1,89
364864,single,fixed,owner,263000,35000,2500,0,60,1000,0,1,53
364865,married,freelance,owner,200000,75000,9000,0,60,1000,1,0,66
364866,single,fixed,owner,78000,35000,6000,3000,24,500,0,1,70
364867,single,fixed,tenant,120000,47000,0,0,60,600,0,1,57
364868,married,fixed,owner,125000,60000,10000,0,60,1426,0,1,69
364869,single,parttime,tenant,50000,40000,0,0,60,1040,0,0,48
364870,married,fixed,tenant,146000,60000,0,0,60,1000,0,1,49
364871,single,fixed,tenant,70000,35000,0,0,60,950,0,1,70
364872,single,fixed,tenant,105000,35000,0,0,60,1490,0,1,36
364873,married,freelance,tenant,413000,101000,6000,0,36,750,1,0,75
364874,married,freelance,tenant,500000,95000,25000,21400,36,800,1,0,50
364875,married,freelance,tenant,350000,140000,0,0,48,1400,1,0,67
364876,married,freelance,owner,200000,75000,3000,0,36,1000,1,0,84
364877,married,fixed,tenant,138000,45000,0,0,36,250,0,1,56
364878,single,freelance,owner,80000,35000,4000,0,60,950,1,0,61
364879,married,freelance,owner,208000,120000,15000,0,36,1500,1,0,72
364880,married,fixed,tenant,137000,89000,4000,0,60,800,0,1,63
364881,married,freelance,owner,58000,45000,12000,0,48,1500,1,0,79
364882,married,fixed,tenant,130000,73000,0,0,60,1100,0,1,69
364883,married,fixed,owner,123000,75000,6000,1000,60,600,0,1,80
364884,married,parttime,tenant,180000,78000,0,0,36,650,0,0,40
364885,single,fixed,tenant,140000,35000,0,0,48,1950,0,1,43
364886,married,fixed,owner,315000,75000,4500,0,24,400,0,1,90
364887,married,parttime,tenant,164000,76000,0,0,36,900,0,0,45
364888,married,freelance,tenant,325000,90000,7000,0,60,1200,1,0,61
364889,married,fixed,owner,135000,45000,5000,1400,60,1600,0,1,61
364890,single,fixed,tenant,109000,35000,0,0,36,350,0,1,81
364891,married,fixed,tenant,185000,79000,0,0,60,950,0,1,73
364892,married,fixed,owner,217000,45000,9000,3000,24,1500,0,1,90
364893,married,freelance,owner,300000,90000,12500,2500,60,1340,1,0,90
364894,single,freelance,owner,77000,35000,4000,0,36,1000,1,0,59
364895,married,fixed,owner,253000,60000,3000,0,48,670,0,1,97
364896,married,fixed,owner,101000,75000,1500,400,36,1200,0,1,74
364897,married,freelance,owner,200000,35000,10000,0,36,800,1,0,70
364898,married,fixed,owner,124000,75000,3500,0,36,460,0,1,83
364899,married,fixed,owner,143000,45000,10000,0,24,950,0,1,92
364900,single,freelance,tenant,250000,35000,4000,1500,48,700,1,0,78
364901,married,fixed,owner,135000,75000,5500,1000,60,600,0,1,75
364902,married,fixed,tenant,115000,57000,0,0,60,900,0,1,68
364903,married,parttime,owner,160000,75000,4000,3000,60,1800,0,0,40
364904,married,fixed,tenant,214000,66000,0,0,60,1300,0,1,70
364905,married,fixed,tenant,390000,114000,0,0,60,1100,0,1,56
364906,single,freelance,owner,500000,45000,200000,0,48,2380,1,0,99
364907,single,parttime,tenant,95000,35000,0,0,60,1400,0,0,31
364908,married,fixed,owner,200000,75000,12000,0,60,1550,0,1,76
364909,single,parttime,tenant,85000,35000,0,0,24,650,0,0,56
364910,married,fixed,tenant,214000,90000,0,0,18,1000,0,1,63
364911,married,fixed,owner,140000,75000,3000,0,60,950,0,1,90
364912,married,fixed,tenant,60000,45000,0,0,60,1400,0,1,71
364913,married,fixed,owner,180000,75000,4000,0,60,1300,0,1,69
364914,married,freelance,owner,300000,60000,24000,9000,30,600,1,0,84
364915,married,freelance,tenant,200000,65000,0,0,60,700,1,0,74
364916,married,fixed,tenant,242000,75000,0,0,60,1300,0,1,76
364917,married,parttime,owner,155000,60000,5000,2500,60,900,0,0,74
364918,single,fixed,tenant,100000,45000,0,0,60,1150,0,1,65
364919,married,fixed,owner,105000,60000,3500,0,60,1100,0,1,74
364920,married,freelance,owner,166000,45000,2000,0,12,500,1,0,76
364921,single,fixed,tenant,120000,47000,0,0,60,800,0,1,49
364922,married,fixed,owner,115000,60000,6700,2000,36,1000,0,1,82
364923,married,freelance,owner,350000,90000,150000,0,24,3800,1,0,93
364924,married,freelance,owner,214000,75000,50000,0,36,1000,1,0,79
364925,married,fixed,tenant,442000,119000,6000,1947,60,900,0,1,73
364926,single,fixed,tenant,101000,35000,0,0,60,1300,0,1,47
364927,married,fixed,owner,122000,105000,5200,2000,36,850,0,1,70
364928,married,freelance,owner,250000,60000,10000,0,60,700,1,0,74
364929,single,freelance,tenant,90000,35000,0,0,24,600,1,0,67
364930,married,fixed,owner,160000,45000,6000,0,48,1200,0,1,87
364931,married,freelance,owner,300000,60000,4000,0,18,300,1,0,89
364932,single,fixed,tenant,83000,35000,0,0,48,1000,0,1,69
364933,married,freelance,owner,200000,45000,11000,0,60,1100,1,0,73
364934,married,parttime,tenant,60000,60000,0,0,60,1300,0,0,44
364935,single,parttime,tenant,205000,35000,0,0,60,1400,0,0,34
364936,married,freelance,owner,133000,75000,12000,900,24,1500,1,0,66
364937,married,fixed,tenant,179000,78000,0,0,36,900,0,1,54
364938,single,freelance,owner,69000,35000,4000,0,48,1200,1,0,63
364939,single,fixed,tenant,195000,45000,0,0,60,700,0,1,62
364940,married,fixed,owner,112000,75000,4000,0,24,500,0,1,72
364941,married,freelance,owner,210000,90000,15000,0,30,1550,1,0,81
364942,married,fixed,tenant,155000,75000,3500,200,48,1100,0,1,78
364943,single,freelance,owner,394000,35000,16000,0,36,1500,1,0,47
364944,married,fixed,tenant,149000,60000,0,0,36,200,0,1,77
364945,married,fixed,tenant,120000,57000,0,0,48,800,0,1,61
364946,married,freelance,owner,400000,60000,86000,0,48,930,1,0,71
364947,married,fixed,owner,165000,45000,5000,0,12,900,0,1,73
364948,married,freelance,owner,125000,75000,6000,0,36,600,1,0,69
364949,single,fixed,tenant,74000,42000,0,0,48,600,0,1,62
364950,married,fixed,owner,86000,75000,4900,0,60,1300,0,1,71
364951,married,fixed,owner,185000,45000,5000,0,48,1000,0,1,69
364952,married,fixed,tenant,165000,77000,0,0,60,1350,0,1,64
364953,married,fixed,tenant,110000,75000,7000,0,54,1275,0,1,57
364954,married,fixed,tenant,138000,74000,0,0,60,1400,0,1,55
364955,married,freelance,owner,300000,75000,5000,0,24,600,1,0,69
364956,single,fixed,owner,147000,35000,3500,0,36,1886,0,1,71
364957,single,freelance,tenant,348000,35000,25300,15500,60,1200,1,0,22
364958,married,fixed,tenant,112000,60000,6550,0,60,600,0,1,71
364959,married,freelance,owner,350000,75000,6500,0,60,800,1,0,59
364960,married,fixed,owner,110000,45000,15000,0,12,300,0,1,102
364961,married,parttime,owner,75000,45000,2000,0,48,900,0,0,50
364962,married,fixed,tenant,230000,113000,0,0,36,950,0,1,69
364963,married,fixed,tenant,85000,75000,8000,0,60,1400,0,1,52
364964,married,freelance,owner,210000,75000,4000,120,48,1200,1,0,65
364965,married,fixed,owner,125000,75000,5000,0,60,1200,0,1,85
364966,married,fixed,owner,149000,75000,3500,0,60,1400,0,1,90
364967,married,fixed,owner,201000,75000,2500,96,48,1100,0,1,67
364968,married,fixed,tenant,105000,60000,0,0,60,1200,0,1,63
364969,married,fixed,tenant,183000,78000,0,0,12,600,0,1,54
364970,single,fixed,tenant,113000,46000,0,0,24,700,0,1,34
364971,married,fixed,owner,126000,45000,3000,3700,24,200,0,1,80
364972,married,freelance,owner,300000,120000,5000,0,36,1000,1,0,68
364973,married,fixed,owner,160000,75000,6000,0,60,1000,0,1,76
364974,married,fixed,owner,160000,90000,7500,0,12,500,0,1,101
364975,married,freelance,tenant,89000,45000,0,0,36,1600,1,0,45
364976,married,freelance,owner,95000,60000,8000,0,60,1000,1,0,60
364977,married,fixed,owner,125000,75000,5500,4000,60,950,0,1,76
364978,married,fixed,tenant,120000,87000,0,0,60,1177,0,1,50
364979,married,fixed,tenant,359000,126000,0,0,36,870,0,1,68
364980,married,fixed,owner,80000,45000,4000,0,60,1200,0,1,87
364981,single,parttime,tenant,67000,35000,0,0,60,1050,0,0,48
364982,married,fixed,owner,148000,90000,12000,0,48,1000,0,1,68
364983,married,fixed,owner,298000,45000,8000,0,60,1700,0,1,61
364984,married,fixed,owner,318000,75000,4500,700,24,700,0,1,102
364985,married,fixed,owner,185000,75000,4000,0,60,1100,0,1,78
364986,married,freelance,owner,39000,60000,9500,250,36,750,1,0,67
364987,married,fixed,tenant,194000,45000,0,0,48,1200,0,1,62
364988,single,fixed,tenant,80000,35000,3000,0,60,1500,0,1,47
364989,married,fixed,owner,147000,75000,2000,900,24,400,0,1,71
364990,married,freelance,owner,156000,105000,10000,0,24,800,1,0,74
364991,married,fixed,owner,178000,75000,3000,0,36,1000,0,1,69
364992,married,fixed,owner,130000,75000,4000,0,24,400,0,1,92
364993,single,parttime,tenant,63000,35000,0,0,36,1000,0,0,50
364994,single,fixed,tenant,88000,35000,0,0,36,750,0,1,52
364995,married,fixed,tenant,140000,45000,0,0,60,1200,0,1,65
364996,married,parttime,tenant,115000,45000,2000,0,60,750,0,0,34
364997,married,fixed,owner,83000,60000,2500,0,60,1100,0,1,51
364998,married,fixed,tenant,144000,60000,3000,0,36,1000,0,1,65
364999,married,freelance,owner,200000,45000,100000,0,24,1000,1,0,101
365000,married,fixed,tenant,172000,90000,3000,0,60,1100,0,1,76
365001,married,freelance,tenant,200000,105000,4000,500,60,900,1,0,65
365002,married,fixed,owner,318000,60000,7000,0,60,1900,0,1,78
365003,married,fixed,owner,177000,60000,6300,4000,60,1370,0,1,71
365004,married,fixed,owner,133000,60000,4000,0,48,1000,0,1,75
365005,single,freelance,owner,150000,35000,9000,0,60,984,1,0,48
365006,single,fixed,owner,208000,35000,9000,0,36,1000,0,1,81
365007,married,fixed,owner,145000,75000,1434,0,30,300,0,1,76
365008,married,fixed,owner,157000,60000,5000,0,60,2000,0,1,84
365009,married,fixed,owner,190000,45000,9500,200,60,1800,0,1,74
365010,single,parttime,tenant,86000,35000,0,0,60,1000,0,0,37
365011,single,fixed,tenant,90000,35000,0,0,24,600,0,1,52
365012,married,parttime,tenant,100000,100000,30000,0,60,1500,0,0,29
365013,married,fixed,tenant,214000,56000,0,0,24,800,0,1,54
365014,single,fixed,tenant,100000,45000,0,0,60,1150,0,1,59
365015,married,fixed,tenant,117000,57000,0,0,48,800,0,1,74
365016,married,fixed,owner,110000,45000,4000,0,18,455,0,1,86
365017,married,fixed,tenant,168000,62000,0,0,36,1200,0,1,62
365018,married,freelance,owner,150000,45000,9000,0,48,1700,1,0,77
365019,married,fixed,owner,166000,45000,7000,0,60,600,0,1,101
365020,married,freelance,tenant,283000,90000,0,0,24,700,1,0,56
365021,married,freelance,tenant,149000,90000,0,0,60,1350,1,0,47
365022,married,freelance,owner,250000,90000,4500,0,36,1500,1,0,78
365023,married,parttime,owner,120000,60000,2500,1500,48,600,0,0,53
365024,married,freelance,owner,236000,35000,3500,1000,60,1000,1,0,63
365025,single,parttime,owner,277000,45000,6000,3500,60,1700,0,0,17
365026,single,parttime,tenant,55000,35000,0,0,60,950,0,0,44
365027,single,fixed,tenant,200000,35000,4000,0,36,600,0,1,78
365028,single,fixed,tenant,235000,45000,0,0,60,800,0,1,73
365029,married,fixed,owner,80000,45000,1500,0,48,1260,0,1,89
365030,married,freelance,owner,200000,45000,7000,0,48,1540,1,0,89
365031,married,fixed,tenant,140000,45000,3000,0,60,1200,0,1,77
365032,married,fixed,tenant,125000,73000,0,0,60,700,0,1,57
365033,married,fixed,tenant,185000,94000,0,0,60,1200,0,1,55
365034,married,fixed,owner,190000,105000,2500,300,42,1100,0,1,70
365035,married,freelance,owner,150000,60000,23000,0,60,1200,1,0,83
365036,married,fixed,owner,102000,60000,5000,0,60,700,0,1,74
365037,married,fixed,tenant,170000,77000,4000,0,60,1300,0,1,60
365038,married,fixed,owner,315000,60000,3500,266,60,1000,0,1,92
365039,married,freelance,tenant,130000,88000,0,0,12,250,1,0,69
365040,married,fixed,owner,156000,45000,6000,0,36,700,0,1,90
365041,married,fixed,tenant,177000,93000,0,0,60,800,0,1,77
365042,single,freelance,owner,341000,60000,4500,0,36,900,1,0,54
365043,married,freelance,owner,240000,105000,12000,4200,48,1660,1,0,69
365044,married,freelance,owner,142000,60000,6000,0,12,200,1,0,86
365045,married,freelance,owner,333000,75000,5000,0,36,1000,1,0,96
365046,single,fixed,tenant,125000,35000,5000,0,60,770,0,1,67
365047,married,fixed,tenant,170000,45000,0,0,36,700,0,1,65
365048,married,freelance,owner,220000,75000,16000,500,36,3000,1,0,52
365049,married,fixed,owner,230000,60000,8500,480,36,700,0,1,89
365050,single,fixed,owner,157000,60000,15000,0,60,1000,0,1,77
365051,married,fixed,tenant,340000,60000,16000,0,12,1900,0,1,71
365052,married,parttime,owner,120000,60000,3500,200,60,1000,0,0,62
365053,single,fixed,tenant,91000,44000,0,0,60,1000,0,1,55
365054,married,freelance,tenant,150000,60000,7000,0,42,900,1,0,63
365055,single,fixed,owner,88000,35000,5500,0,36,750,0,1,65
365056,single,parttime,tenant,120000,35000,0,0,48,900,0,0,52
365057,married,freelance,tenant,70000,75000,0,0,60,1000,1,0,31
365058,married,fixed,tenant,106000,56000,0,0,60,650,0,1,49
365059,married,fixed,tenant,162000,35000,4000,100,36,400,0,1,86
365060,married,fixed,tenant,77000,45000,0,0,60,1000,0,1,47
365061,married,fixed,tenant,128000,75000,2500,0,36,550,0,1,58
365062,single,fixed,owner,189000,35000,9000,0,48,1200,0,1,83
365063,married,freelance,owner,300000,60000,40000,3000,36,2000,1,0,82
365064,married,freelance,owner,92000,60000,6000,1700,60,1700,1,0,77
365065,married,freelance,owner,380000,60000,35000,0,48,1100,1,0,78
365066,married,freelance,owner,500000,75000,14000,0,24,1500,1,0,87
365067,married,freelance,tenant,130000,60000,0,0,60,1200,1,0,67
365068,married,fixed,owner,141000,45000,6000,400,60,1100,0,1,95
365069,married,fixed,owner,220000,75000,6500,3600,60,1000,0,1,85
365070,married,fixed,owner,146000,60000,5000,1300,36,400,0,1,89
365071,married,freelance,owner,250000,75000,13500,3700,60,1400,1,0,76
365072,married,fixed,owner,132000,60000,6000,0,36,1200,0,1,71
365073,married,freelance,owner,150000,90000,75000,0,6,3000,1,0,66
365074,married,fixed,tenant,127000,73000,0,0,60,1030,0,1,53
365075,married,parttime,owner,90000,60000,3000,500,60,1000,0,0,71
365076,married,freelance,owner,166000,90000,12500,1000,60,875,1,0,75
365077,married,freelance,owner,69000,45000,12000,0,18,500,1,0,66
365078,married,fixed,owner,182000,45000,4000,0,60,1000,0,1,67
365079,married,freelance,owner,77000,45000,4000,2000,42,750,1,0,82
365080,married,fixed,tenant,50000,45000,0,0,60,950,0,1,46
365081,single,fixed,owner,131000,35000,4000,0,60,1050,0,1,75
365082,single,fixed,tenant,62000,35000,0,0,24,350,0,1,67
365083,married,fixed,owner,60000,75000,3000,400,60,1150,0,1,75
365084,married,fixed,owner,86000,90000,4500,0,60,1200,0,1,78
365085,married,fixed,tenant,143000,59000,0,0,36,1400,0,1,56
365086,married,fixed,tenant,120000,87000,0,0,60,1300,0,1,51
365087,single,fixed,tenant,283000,35000,0,0,60,2000,0,1,51
365088,married,fixed,owner,138000,60000,3000,0,36,1400,0,1,82
365089,married,freelance,tenant,90000,90000,2000,600,12,500,1,0,60
365090,married,fixed,tenant,99000,85000,0,0,60,1200,0,1,28
365091,married,freelance,owner,160000,75000,15000,0,36,3250,1,0,36
365092,married,parttime,owner,330000,60000,9000,3500,60,1300,0,0,77
365093,married,freelance,owner,100000,60000,22000,0,36,1000,1,0,72
365094,married,fixed,tenant,210000,96000,0,0,48,1400,0,1,55
365095,single,fixed,tenant,100000,45000,0,0,30,700,0,1,58
365096,single,parttime,owner,97000,45000,8000,0,36,600,0,0,51
365097,married,freelance,tenant,65000,45000,0,0,60,1500,1,0,58
365098,married,fixed,owner,227000,45000,3000,0,48,600,0,1,76
365099,married,fixed,owner,140000,45000,22000,2500,42,1200,0,1,53
365100,married,fixed,tenant,115000,87000,0,0,48,1100,0,1,68
365101,married,fixed,owner,150000,60000,3500,0,48,700,0,1,94
365102,single,fixed,tenant,90000,35000,0,0,60,1100,0,1,55
365103,married,fixed,owner,275000,90000,12000,0,42,1000,0,1,87
365104,single,fixed,tenant,176000,35000,0,0,60,1190,0,1,56
365105,married,fixed,tenant,110000,71000,3000,0,60,1150,0,1,72
365106,married,fixed,owner,140000,75000,3000,0,60,1450,0,1,83
365107,married,fixed,owner,500000,45000,3500,0,60,1900,0,1,104
365108,married,fixed,owner,66000,75000,3000,0,60,600,0,1,71
365109,married,freelance,owner,273000,60000,10000,0,60,1000,1,0,68
365110,married,freelance,owner,145000,75000,6000,0,48,825,1,0,80
365111,married,fixed,owner,67000,60000,6500,0,60,1080,0,1,81
365112,married,freelance,owner,232000,75000,13500,0,60,1900,1,0,70
365113,married,fixed,owner,80000,90000,3000,1749,60,1030,0,1,46
365114,single,freelance,tenant,130000,35000,0,0,60,800,1,0,71
365115,married,fixed,tenant,200000,45000,0,0,60,700,0,1,61
365116,married,freelance,owner,154000,75000,14000,0,36,850,1,0,61
365117,married,freelance,tenant,187000,90000,2500,750,48,1550,1,0,67
365118,married,fixed,owner,135000,60000,5000,0,48,1200,0,1,84
365119,single,fixed,owner,160000,45000,6000,3000,48,1000,0,1,53
365120,married,fixed,owner,133000,60000,9500,0,60,1500,0,1,73
365121,married,freelance,tenant,230000,173000,5000,0,60,1100,1,0,53
365122,married,fixed,owner,154000,60000,3000,0,60,1000,0,1,73
365123,married,fixed,owner,50000,60000,3500,250,30,600,0,1,84
365124,married,freelance,owner,189000,60000,7000,0,48,1100,1,0,66
365125,married,fixed,owner,202000,60000,4600,1260,60,1400,0,1,74
365126,married,freelance,tenant,20000,90000,0,0,48,1850,1,0,51
365127,married,freelance,owner,40000,60000,4000,0,12,170,1,0,64
365128,married,fixed,tenant,50000,110000,0,0,24,200,0,1,66
365129,married,fixed,owner,125000,45000,4000,0,48,500,0,1,75
365130,married,freelance,tenant,100000,70000,14500,0,60,1250,1,0,46
365131,married,fixed,owner,115000,60000,4000,75,60,1250,0,1,88
365132,married,fixed,tenant,160000,75000,1000,0,60,890,0,1,52
365133,married,fixed,owner,70000,60000,4000,2800,60,600,0,1,68
365134,married,fixed,owner,220000,35000,4000,0,48,1000,0,1,84
365135,married,freelance,tenant,99000,45000,0,0,60,1600,1,0,43
365136,single,freelance,owner,107000,35000,2000,0,6,300,1,0,52
365137,married,fixed,owner,160000,75000,2200,600,60,1550,0,1,71
365138,married,fixed,owner,150000,75000,3000,0,60,1100,0,1,78
365139,married,parttime,owner,232000,45000,10000,0,60,750,0,0,75
365140,married,parttime,owner,120000,45000,6100,1500,60,1000,0,0,70
365141,married,freelance,owner,225000,75000,2000,0,60,1400,1,0,54
365142,single,freelance,tenant,100000,35000,0,0,60,900,1,0,53
365143,married,parttime,owner,80000,75000,4500,300,36,600,0,0,77
365144,single,fixed,owner,208000,35000,6000,3300,60,1500,0,1,71
365145,married,fixed,owner,105000,90000,1150,720,60,200,0,1,93
365146,married,fixed,owner,98000,60000,4000,0,60,860,0,1,83
365147,married,fixed,tenant,532000,113000,0,0,18,1000,0,1,79
365148,married,fixed,owner,140000,60000,4000,0,60,1000,0,1,66
365149,married,fixed,owner,90000,75000,7000,2000,48,500,0,1,86
365150,married,fixed,tenant,155000,76000,0,0,60,800,0,1,79
365151,married,fixed,owner,120000,45000,3500,0,60,300,0,1,75
365152,married,fixed,owner,159000,90000,3000,250,36,300,0,1,84
365153,married,fixed,owner,122000,45000,2000,1000,60,1300,0,1,78
365154,married,parttime,owner,156000,75000,3500,0,60,1300,0,0,71
365155,single,fixed,owner,90000,35000,2500,0,48,1000,0,1,65
365156,single,parttime,owner,130000,35000,5000,0,18,1100,0,0,44
365157,married,freelance,owner,45000,90000,4000,34,18,200,1,0,71
365158,married,parttime,tenant,118000,72000,1000,0,36,600,0,0,58
365159,single,freelance,owner,152000,60000,2000,0,24,400,1,0,55
365160,single,fixed,tenant,135000,49000,0,0,48,1000,0,1,61
365161,married,fixed,tenant,125000,58000,0,0,48,1200,0,1,76
365162,married,freelance,tenant,208000,66000,4000,0,36,1000,1,0,68
365163,single,parttime,tenant,81000,35000,0,0,48,1150,0,0,51
365164,married,fixed,owner,160000,75000,1800,0,24,200,0,1,75
365165,married,freelance,tenant,300000,75000,2700,0,60,1000,1,0,53
365166,married,fixed,tenant,135000,60000,4000,1500,36,1300,0,1,75
365167,married,fixed,tenant,121000,60000,0,0,60,850,0,1,53
365168,single,fixed,tenant,145000,35000,0,0,48,1000,0,1,64
365169,single,fixed,tenant,165000,35000,0,0,48,1300,0,1,64
365170,married,freelance,owner,428000,75000,32000,0,12,500,1,0,102
365171,married,freelance,tenant,233000,68000,0,0,48,1200,1,0,66
365172,married,fixed,owner,245000,90000,4000,0,60,1700,0,1,74
365173,married,freelance,owner,232000,60000,100000,20000,36,1500,1,0,49
365174,married,freelance,owner,200000,75000,9000,4500,48,1400,1,0,46
365175,married,freelance,owner,42000,60000,10000,0,60,910,1,0,68
365176,single,fixed,owner,87000,35000,3500,450,48,500,0,1,57
365177,married,freelance,tenant,200000,45000,3000,1500,48,1000,1,0,57
365178,married,freelance,owner,250000,75000,100000,0,12,600,1,0,102
365179,single,fixed,tenant,350000,70000,0,0,60,2200,0,1,44
365180,married,fixed,tenant,105000,60000,0,0,48,1200,0,1,72
365181,single,freelance,owner,100000,60000,4500,1500,60,400,1,0,48
365182,married,freelance,tenant,160000,75000,5000,0,60,1350,1,0,42
365183,single,freelance,tenant,132000,35000,12000,0,60,1200,1,0,71
365184,single,fixed,tenant,140000,49000,0,0,36,1150,0,1,50
365185,married,fixed,tenant,160000,45000,0,0,60,1400,0,1,52
365186,married,freelance,owner,148000,75000,2600,0,60,1400,1,0,83
365187,married,freelance,tenant,113000,45000,20000,0,36,700,1,0,58
365188,married,fixed,tenant,97000,45000,0,0,60,1500,0,1,54
365189,married,fixed,owner,107000,60000,1500,0,60,1250,0,1,73
365190,married,fixed,tenant,206000,66000,0,0,60,1900,0,1,38
365191,married,fixed,owner,275000,45000,6000,1810,60,1600,0,1,76
365192,married,fixed,owner,176000,45000,4500,2500,60,1400,0,1,68
365193,married,fixed,tenant,175000,63000,0,0,36,1000,0,1,60
365194,married,fixed,owner,223000,45000,20000,0,24,1400,0,1,86
365195,married,fixed,tenant,70000,67000,0,0,60,790,0,1,66
365196,married,fixed,tenant,87000,84000,0,0,36,1200,0,1,49
365197,married,freelance,owner,42000,90000,5000,100,60,500,1,0,58
365198,single,fixed,tenant,60000,35000,0,0,60,1150,0,1,48
365199,single,fixed,tenant,300000,35000,0,0,48,2400,0,1,71
365200,married,fixed,tenant,144000,75000,0,0,36,450,0,1,57
365201,married,freelance,tenant,217000,75000,15000,2000,36,1100,1,0,77
365202,married,fixed,tenant,180000,60000,0,0,48,1350,0,1,50
365203,married,freelance,tenant,69000,82000,0,0,48,1100,1,0,55
365204,married,fixed,tenant,110000,86000,0,0,60,700,0,1,56
365205,single,parttime,tenant,50000,35000,0,0,36,425,0,0,44
365206,single,parttime,tenant,86000,35000,0,0,60,1400,0,0,33
365207,married,fixed,owner,172000,60000,7000,0,36,900,0,1,77
365208,married,freelance,tenant,109000,71000,0,0,60,1135,1,0,51
365209,married,fixed,owner,95000,60000,3000,0,60,890,0,1,66
365210,married,fixed,tenant,203000,80000,0,0,60,1100,0,1,62
365211,married,fixed,owner,114000,45000,10000,0,48,1200,0,1,64
365212,single,freelance,tenant,186000,54000,0,0,48,850,1,0,54
365213,single,fixed,tenant,155000,51000,0,0,60,800,0,1,66
365214,married,fixed,tenant,195000,60000,1800,0,60,1000,0,1,61
365215,married,freelance,owner,246000,75000,2500,0,60,1300,1,0,72
365216,married,fixed,tenant,113000,86000,0,0,48,950,0,1,72
365217,married,freelance,owner,290000,60000,4300,900,48,1500,1,0,80
365218,married,freelance,tenant,103000,75000,0,0,48,1000,1,0,43
365219,married,fixed,owner,125000,45000,2500,0,60,1200,0,1,71
365220,married,freelance,tenant,199000,95000,0,0,24,250,1,0,64
365221,married,fixed,owner,133000,45000,5000,9000,60,700,0,1,62
365222,married,fixed,owner,210000,60000,2000,0,60,700,0,1,80
365223,single,freelance,tenant,124000,35000,0,0,48,2150,1,0,17
365224,married,fixed,owner,78000,45000,4000,0,60,850,0,1,68
365225,single,parttime,tenant,200000,55000,15000,0,36,1100,0,0,44
365226,married,freelance,tenant,100000,45000,0,0,60,1850,1,0,37
365227,married,fixed,tenant,95000,85000,0,0,48,1340,0,1,71
365228,married,fixed,tenant,183000,63000,0,0,48,1100,0,1,75
365229,single,fixed,tenant,43000,35000,0,0,24,450,0,1,56
365230,married,fixed,tenant,120000,75000,3000,3000,60,870,0,1,50
365231,single,freelance,tenant,198000,45000,2500,0,60,1100,1,0,49
365232,single,fixed,tenant,100000,45000,0,0,36,700,0,1,56
365233,single,fixed,tenant,150000,50000,0,0,36,1000,0,1,65
365234,married,fixed,owner,133000,60000,3000,0,36,360,0,1,84
365235,single,freelance,owner,110000,45000,3000,0,48,500,1,0,58
365236,married,fixed,owner,202000,60000,2000,0,60,1400,0,1,76
365237,married,fixed,tenant,140000,60000,2000,500,24,1100,0,1,73
365238,married,fixed,owner,123000,45000,5000,0,60,1450,0,1,83
365239,married,fixed,owner,275000,45000,8000,4500,60,1500,0,1,67
365240,married,fixed,tenant,200000,75000,2500,0,60,1350,0,1,63
365241,single,freelance,owner,180000,35000,7000,800,60,1500,1,0,51
365242,single,fixed,owner,55000,35000,4000,0,48,757,0,1,63
365243,married,freelance,owner,105000,45000,3000,0,60,1200,1,0,55
365244,married,fixed,owner,146000,75000,5000,0,60,1400,0,1,88
365245,married,fixed,owner,100000,75000,6000,1500,60,1350,0,1,68
365246,single,fixed,tenant,136000,49000,0,0,60,1500,0,1,45
365247,married,fixed,owner,90000,60000,4500,0,60,1100,0,1,65
365248,married,freelance,owner,144000,60000,6000,0,60,1100,1,0,67
365249,married,fixed,owner,116000,60000,3000,0,60,1400,0,1,70
365250,married,fixed,owner,128000,75000,7000,4800,36,700,0,1,65
365251,married,fixed,owner,105000,60000,3000,0,54,850,0,1,77
365252,married,fixed,owner,125000,90000,3000,0,30,1050,0,1,70
365253,married,parttime,tenant,68000,45000,0,0,60,1200,0,0,51
365254,married,fixed,owner,400000,75000,5500,0,36,1800,0,1,92
365255,married,fixed,owner,251000,60000,3000,400,48,1000,0,1,96
365256,single,fixed,tenant,225000,58000,0,0,60,800,0,1,56
365257,single,fixed,tenant,140000,35000,0,0,60,1200,0,1,70
365258,single,freelance,owner,34000,45000,5000,0,48,900,1,0,66
365259,married,freelance,tenant,320000,107000,1500,0,60,1050,1,0,73
365260,married,freelance,owner,124000,45000,16000,0,36,900,1,0,52
365261,married,freelance,tenant,87000,54000,8000,0,60,1000,1,0,45
365262,single,freelance,tenant,161000,35000,0,0,54,1800,1,0,45
365263,married,freelance,owner,90000,90000,5000,1800,60,1500,1,0,79
365264,married,freelance,tenant,92000,75000,0,0,60,1400,1,0,43
365265,married,fixed,tenant,110000,60000,10000,0,48,1300,0,1,66
365266,married,freelance,owner,87000,60000,3500,0,54,500,1,0,62
365267,married,fixed,tenant,93000,54000,0,0,60,1000,0,1,72
365268,married,fixed,owner,110000,45000,5000,1300,48,450,0,1,80
365269,single,fixed,tenant,81000,43000,0,0,60,1000,0,1,62
365270,married,fixed,owner,98000,45000,3500,0,60,1350,0,1,88
365271,married,freelance,owner,155000,60000,4500,0,60,1400,1,0,55
365272,married,fixed,owner,167000,60000,3500,1000,48,800,0,1,98
365273,married,fixed,tenant,190000,60000,18000,0,60,1850,0,1,56
365274,married,fixed,owner,110000,75000,2500,300,60,1150,0,1,83
365275,single,freelance,owner,76000,35000,6000,0,60,950,1,0,55
365276,married,fixed,tenant,170000,62000,0,0,60,1800,0,1,30
365277,single,freelance,owner,214000,35000,8500,400,36,750,1,0,64
365278,single,fixed,tenant,70000,35000,0,0,60,900,0,1,64
365279,single,fixed,owner,55000,35000,7500,0,60,800,0,1,52
365280,married,fixed,tenant,80000,45000,10000,0,60,1500,0,1,51
365281,married,parttime,owner,81000,75000,4000,0,60,1000,0,0,37
365282,single,fixed,tenant,139000,35000,0,0,48,1200,0,1,56
365283,married,fixed,tenant,206000,66000,0,0,48,1500,0,1,50
365284,single,freelance,tenant,74000,35000,0,0,24,500,1,0,63
365285,single,fixed,tenant,120000,35000,0,0,48,1000,0,1,47
365286,married,freelance,tenant,300000,90000,12000,0,48,1700,1,0,51
365287,married,fixed,tenant,224000,75000,7000,0,60,1600,0,1,65
365288,married,fixed,tenant,80000,68000,0,0,60,1000,0,1,69
365289,married,parttime,owner,166000,90000,3000,0,60,800,0,0,70
365290,married,parttime,owner,110000,60000,11500,0,36,1100,0,0,79
365291,married,fixed,tenant,161000,45000,0,0,48,970,0,1,51
365292,married,fixed,owner,80000,45000,4000,0,60,1100,0,1,91
365293,married,fixed,owner,150000,75000,3000,0,24,500,0,1,70
365294,single,freelance,tenant,170000,52000,0,0,36,350,1,0,59
365295,married,fixed,tenant,100000,45000,0,0,60,1500,0,1,51
365296,married,freelance,tenant,225000,68000,10000,0,60,1300,1,0,72
365297,married,fixed,tenant,166000,77000,0,0,60,2200,0,1,43
365298,single,fixed,tenant,200000,45000,5000,0,36,800,0,1,74
365299,married,fixed,owner,110000,45000,3000,0,42,1500,0,1,71
365300,single,fixed,tenant,110000,46000,0,0,36,1000,0,1,65
365301,married,parttime,owner,160000,45000,4000,300,60,1200,0,0,64
365302,single,fixed,tenant,204000,35000,0,0,36,200,0,1,85
365303,married,parttime,tenant,135000,45000,0,0,60,1350,0,0,33
365304,single,freelance,tenant,158000,45000,0,0,48,260,1,0,77
365305,married,freelance,owner,290000,75000,10000,0,60,1200,1,0,55
365306,married,fixed,owner,100000,60000,6000,0,60,450,0,1,92
365307,married,fixed,owner,115000,60000,6000,2000,60,1250,0,1,89
365308,married,parttime,owner,149000,45000,2000,0,18,700,0,0,70
365309,married,fixed,owner,143000,75000,4000,0,60,650,0,1,68
365310,married,fixed,tenant,150000,60000,0,0,36,1000,0,1,50
365311,single,fixed,tenant,199000,35000,10000,0,48,1100,0,1,69
365312,married,fixed,tenant,142000,59000,0,0,36,1000,0,1,53
365313,married,fixed,owner,80000,75000,4000,0,54,1300,0,1,62
365314,married,fixed,tenant,93000,69000,0,0,36,250,0,1,77
365315,single,fixed,tenant,113000,45000,0,0,36,850,0,1,62
365316,married,fixed,tenant,92000,45000,3000,500,48,1220,0,1,73
365317,married,freelance,owner,205000,75000,4000,0,36,1300,1,0,89
365318,single,fixed,owner,210000,35000,6000,0,60,1700,0,1,57
365319,married,fixed,owner,256000,60000,3000,0,24,600,0,1,87
365320,married,freelance,tenant,260000,101000,0,0,36,1000,1,0,60
365321,married,fixed,owner,106000,45000,2500,0,60,1200,0,1,68
365322,married,fixed,owner,160000,60000,4500,0,48,450,0,1,96
365323,married,fixed,owner,148000,60000,3500,0,60,750,0,1,68
365324,married,fixed,owner,220000,75000,3500,0,36,1500,0,1,66
365325,married,freelance,owner,63000,75000,4000,50,36,800,1,0,70
365326,married,fixed,owner,106000,75000,8500,0,36,2375,0,1,72
365327,married,fixed,owner,81000,75000,3500,0,60,870,0,1,68
365328,single,fixed,tenant,100000,35000,0,0,60,1210,0,1,47
365329,married,fixed,tenant,260000,75000,2500,0,60,1500,0,1,52
365330,married,fixed,owner,243000,60000,6000,0,24,600,0,1,83
365331,single,fixed,tenant,88000,44000,0,0,60,1000,0,1,63
365332,married,freelance,owner,186000,75000,8000,0,24,900,1,0,70
365333,married,fixed,owner,105000,75000,10000,2400,48,830,0,1,94
365334,married,freelance,owner,80000,75000,30000,2000,48,700,1,0,72
365335,married,fixed,tenant,154000,60000,1500,0,60,825,0,1,64
365336,single,freelance,tenant,35000,64000,2500,0,60,1920,1,0,31
365337,married,fixed,tenant,63000,66000,2000,0,48,800,0,1,52
365338,married,freelance,tenant,297000,45000,8000,0,36,1360,1,0,53
365339,married,fixed,tenant,161000,91000,0,0,60,1700,0,1,54
365340,single,freelance,owner,200000,35000,5000,0,36,1700,1,0,63
365341,married,fixed,tenant,140000,45000,4000,0,48,700,0,1,62
365342,married,fixed,owner,125000,90000,20000,0,12,375,0,1,103
365343,single,fixed,tenant,78000,35000,3000,0,24,500,0,1,68
365344,single,fixed,tenant,57000,35000,0,0,60,1000,0,1,50
365345,married,fixed,tenant,300000,135000,0,0,60,1000,0,1,64
365346,married,freelance,tenant,66000,60000,0,0,60,1400,1,0,36
365347,married,freelance,owner,202000,75000,2100,0,36,900,1,0,81
365348,married,fixed,owner,175000,90000,21500,1950,48,1100,0,1,82
365349,married,freelance,owner,150000,45000,15000,0,36,1420,1,0,89
365350,single,freelance,tenant,158000,45000,2000,0,60,1020,1,0,55
365351,single,fixed,tenant,92000,45000,0,0,36,900,0,1,76
365352,married,parttime,owner,123000,45000,4000,1978,48,1100,0,0,61
365353,married,freelance,tenant,125000,88000,0,0,48,1500,1,0,62
365354,married,parttime,owner,113000,45000,3000,1500,60,1200,0,0,67
365355,married,freelance,owner,167000,45000,4000,0,24,340,1,0,68
365356,married,fixed,tenant,148000,75000,0,0,36,900,0,1,55
365357,married,parttime,tenant,156000,75000,2000,200,60,600,0,0,45
365358,married,fixed,owner,123000,60000,4000,0,48,900,0,1,69
365359,married,parttime,owner,143000,120000,5500,2000,60,1160,0,0,43
365360,married,fixed,tenant,180000,93000,0,0,48,1200,0,1,60
365361,single,freelance,tenant,92000,35000,0,0,60,1200,1,0,40
365362,married,freelance,tenant,150000,90000,10000,0,36,1100,1,0,45
365363,married,fixed,owner,92000,60000,4500,0,60,1100,0,1,84
365364,married,fixed,owner,139000,45000,4000,1300,60,1450,0,1,66
365365,married,fixed,owner,250000,75000,15500,0,60,1000,0,1,89
365366,married,fixed,owner,315000,75000,13000,0,6,500,0,1,106
365367,married,fixed,owner,121000,35000,3000,0,36,400,0,1,57
365368,single,fixed,owner,180000,35000,4000,0,48,800,0,1,83
365369,married,fixed,owner,129000,105000,3000,0,48,780,0,1,52
365370,married,fixed,owner,214000,90000,8000,0,60,1120,0,1,80
365371,married,fixed,owner,99000,45000,5000,0,60,1100,0,1,76
365372,married,freelance,tenant,110000,75000,0,0,36,800,1,0,54
365373,married,fixed,tenant,85000,75000,3500,0,60,1100,0,1,56
365374,married,fixed,owner,138000,90000,7000,0,18,500,0,1,62
365375,married,fixed,owner,93000,60000,4000,0,60,1000,0,1,72
365376,married,fixed,owner,100000,75000,3000,0,60,1100,0,1,64
365377,married,freelance,tenant,160000,76000,0,0,48,1200,1,0,56
365378,married,fixed,tenant,215000,45000,0,0,36,1470,0,1,53
365379,single,fixed,tenant,90000,35000,3500,0,60,1050,0,1,62
365380,married,fixed,owner,464000,90000,5000,0,36,2000,0,1,92
365381,married,fixed,tenant,167000,35000,7000,2160,60,1650,0,1,53
365382,married,fixed,tenant,86000,84000,0,0,60,1000,0,1,66
365383,married,freelance,tenant,125000,60000,5000,3000,24,360,1,0,74
365384,married,fixed,owner,274000,105000,8000,0,36,300,0,1,90
365385,married,fixed,owner,135000,75000,5500,1440,36,690,0,1,97
365386,married,fixed,tenant,300000,60000,0,0,48,1400,0,1,65
365387,married,freelance,owner,300000,75000,4000,300,60,1000,1,0,77
365388,married,fixed,tenant,128000,103000,0,0,60,500,0,1,65
365389,married,freelance,owner,90000,90000,4000,0,18,300,1,0,91
365390,single,fixed,owner,115000,35000,10000,6000,60,1500,0,1,42
365391,married,fixed,tenant,107000,56000,0,0,60,600,0,1,57
365392,married,freelance,owner,300000,75000,11000,0,60,1000,1,0,78
365393,married,freelance,owner,230000,105000,30000,5000,48,1200,1,0,79
365394,married,fixed,owner,122000,45000,4000,1,24,500,0,1,98
365395,single,parttime,tenant,43000,35000,0,0,36,425,0,0,56
365396,married,freelance,owner,250000,90000,4000,0,48,1700,1,0,60
365397,married,freelance,tenant,190000,90000,500,0,12,500,1,0,48
365398,married,freelance,owner,100000,45000,3500,2500,60,950,1,0,55
365399,single,freelance,tenant,246000,60000,20500,0,48,1370,1,0,54
365400,married,fixed,tenant,85000,69000,0,0,36,850,0,1,51
365401,married,fixed,tenant,173000,77000,0,0,36,1100,0,1,44
365402,married,freelance,tenant,150000,75000,0,0,48,1000,1,0,47
365403,married,parttime,tenant,86000,90000,5000,0,60,1600,0,0,27
365404,single,parttime,tenant,183000,45000,4000,0,60,1150,0,0,55
365405,single,freelance,tenant,100000,55000,0,0,36,675,1,0,70
365406,married,fixed,owner,94000,60000,2500,0,60,900,0,1,84
365407,married,fixed,owner,150000,60000,6000,0,48,650,0,1,100
365408,married,freelance,tenant,140000,74000,0,0,60,1000,1,0,45
365409,single,fixed,tenant,107000,56000,0,0,60,1100,0,1,67
365410,married,fixed,tenant,117000,60000,4030,0,36,950,0,1,41
365411,married,fixed,owner,230000,60000,12000,0,60,950,0,1,73
365412,single,freelance,tenant,470000,82000,0,0,60,1350,1,0,62
365413,married,fixed,tenant,102000,60000,0,0,36,650,0,1,75
365414,married,fixed,owner,210000,75000,6000,0,60,900,0,1,87
365415,single,parttime,tenant,42000,35000,0,0,60,1100,0,0,30
365416,single,fixed,tenant,130000,48000,0,0,60,600,0,1,68
365417,married,parttime,tenant,90000,45000,3000,2000,48,800,0,0,54
365418,single,fixed,tenant,120000,60000,0,0,36,900,0,1,68
365419,married,fixed,tenant,117000,60000,0,0,60,1100,0,1,61
365420,married,fixed,owner,160000,75000,4000,0,30,700,0,1,84
365421,married,parttime,tenant,90000,69000,0,0,60,1300,0,0,24
365422,married,freelance,tenant,50000,45000,0,0,36,1600,1,0,31
365423,married,freelance,owner,100000,75000,27000,5000,48,900,1,0,85
365424,married,fixed,owner,182000,75000,5000,2500,60,1300,0,1,69
365425,single,fixed,tenant,135000,74000,0,0,60,1400,0,1,46
365426,married,parttime,owner,67000,45000,4100,2800,60,1400,0,0,50
365427,married,freelance,owner,167000,45000,90000,0,24,1000,1,0,95
365428,married,parttime,owner,137000,60000,2700,1900,60,1150,0,0,59
365429,married,fixed,tenant,140000,59000,0,0,54,1300,0,1,68
365430,single,fixed,tenant,85000,35000,0,0,60,1950,0,1,48
365431,married,fixed,owner,324000,45000,7000,0,60,1550,0,1,72
365432,married,freelance,tenant,77000,60000,0,0,18,250,1,0,52
365433,married,fixed,owner,100000,45000,4500,0,60,1200,0,1,49
365434,single,freelance,tenant,42000,39000,0,0,60,1600,1,0,42
365435,married,fixed,owner,251000,60000,6500,4000,60,1000,0,1,71
365436,single,fixed,tenant,180000,35000,0,0,60,1000,0,1,76
365437,married,freelance,tenant,400000,60000,12000,0,60,2075,1,0,58
365438,married,fixed,tenant,158000,91000,0,0,36,380,0,1,58
365439,married,fixed,owner,300000,75000,6000,0,36,1450,0,1,77
365440,single,fixed,tenant,90000,44000,9000,0,12,400,0,1,62
365441,married,freelance,owner,146000,90000,15000,0,60,1150,1,0,54
365442,married,fixed,owner,255000,75000,4000,0,60,1500,0,1,52
365443,single,freelance,owner,250000,35000,14000,0,60,1400,1,0,53
365444,married,freelance,owner,50000,45000,16000,0,60,1000,1,0,77
365445,married,fixed,tenant,150000,60000,0,0,60,1200,0,1,62
365446,married,freelance,owner,232000,45000,97000,2900,60,1200,1,0,84
365447,single,fixed,tenant,190000,35000,0,0,60,750,0,1,56
365448,married,fixed,tenant,178000,63000,0,0,60,1680,0,1,50
365449,married,fixed,owner,254000,75000,14000,2900,60,1200,0,1,75
365450,single,fixed,tenant,110000,56000,0,0,60,1000,0,1,56
365451,married,freelance,owner,70000,75000,3572,1728,36,1650,1,0,57
365452,married,fixed,tenant,100000,85000,0,0,60,1000,0,1,42
365453,married,fixed,owner,137000,60000,4000,350,60,1200,0,1,59
365454,married,freelance,tenant,258000,90000,10000,0,42,1300,1,0,47
365455,married,fixed,owner,242000,60000,7500,0,60,1550,0,1,63
365456,married,fixed,owner,85000,90000,4000,0,60,1380,0,1,88
365457,married,freelance,owner,179000,45000,11700,0,36,1300,1,0,85
365458,married,fixed,tenant,125000,58000,0,0,36,700,0,1,50
365459,married,freelance,tenant,500000,90000,0,0,24,600,1,0,60
365460,married,fixed,tenant,140000,60000,0,0,60,1650,0,1,45
365461,married,fixed,tenant,70000,52000,0,0,60,1200,0,1,65
365462,married,fixed,tenant,150000,60000,0,0,60,700,0,1,81
365463,married,fixed,owner,245000,90000,4000,0,36,375,0,1,89
365464,married,freelance,owner,193000,75000,5000,0,60,1150,1,0,82
365465,single,fixed,tenant,110000,35000,0,0,24,370,0,1,59
365466,married,fixed,tenant,70000,52000,0,0,60,1000,0,1,64
365467,married,parttime,tenant,115000,87000,2000,0,60,1250,0,0,29
365468,single,fixed,tenant,85000,35000,0,0,48,1100,0,1,42
365469,single,fixed,tenant,400000,85000,0,0,60,1000,0,1,75
365470,single,fixed,tenant,130000,35000,0,0,60,1600,0,1,65
365471,married,freelance,tenant,120000,102000,20000,0,18,1150,1,0,70
365472,married,fixed,tenant,250000,130000,0,0,60,1900,0,1,55
365473,married,fixed,owner,108000,75000,4000,0,48,500,0,1,82
365474,married,freelance,owner,225000,75000,4500,900,60,1000,1,0,64
365475,married,parttime,owner,300000,105000,5000,0,36,1000,0,0,81
365476,married,fixed,owner,250000,75000,2500,0,60,1350,0,1,79
365477,single,freelance,owner,150000,35000,32000,0,24,800,1,0,68
365478,married,freelance,owner,156000,75000,3000,2000,48,900,1,0,87
365479,married,fixed,tenant,319000,107000,0,0,60,1800,0,1,59
365480,married,fixed,tenant,100000,85000,0,0,60,1420,0,1,68
365481,single,fixed,tenant,51000,40000,0,0,12,300,0,1,80
365482,married,fixed,owner,145000,45000,3500,0,60,1000,0,1,86
365483,single,fixed,tenant,168000,52000,6000,0,48,850,0,1,62
365484,married,fixed,tenant,54000,65000,0,0,60,1550,0,1,41
365485,married,fixed,tenant,100000,85000,0,0,48,1000,0,1,59
365486,married,fixed,tenant,115000,60000,0,0,60,1000,0,1,51
365487,single,freelance,owner,209000,35000,20000,4000,24,900,1,0,55
365488,married,fixed,owner,180000,60000,7500,1200,48,1000,0,1,78
365489,single,fixed,tenant,63000,35000,0,0,60,800,0,1,71
365490,married,fixed,owner,130000,60000,4000,0,48,950,0,1,68
365491,married,fixed,owner,170000,60000,6000,0,60,1300,0,1,79
365492,single,fixed,owner,157000,35000,7000,0,48,1200,0,1,63
365493,single,freelance,tenant,79000,35000,0,0,36,1250,1,0,41
365494,married,fixed,owner,64000,90000,1750,0,60,1055,0,1,69
365495,married,parttime,tenant,99000,45000,0,0,60,1400,0,0,46
365496,single,freelance,owner,35000,35000,4000,200,48,650,1,0,44
365497,married,fixed,tenant,150000,75000,18000,0,24,1400,0,1,78
365498,married,fixed,owner,65000,45000,2000,0,12,350,0,1,93
365499,single,fixed,tenant,100000,35000,0,0,36,1000,0,1,73
365500,married,fixed,tenant,160000,91000,0,0,60,600,0,1,75
365501,married,freelance,tenant,215000,60000,11000,0,60,1600,1,0,67
365502,married,fixed,owner,112000,75000,4000,0,48,750,0,1,75
365503,married,parttime,tenant,126000,45000,0,0,60,1450,0,0,36
365504,married,fixed,owner,150000,90000,3500,0,60,950,0,1,92
365505,single,fixed,owner,136000,35000,2500,0,24,450,0,1,84
365506,single,freelance,owner,123000,45000,3500,0,60,1100,1,0,58
365507,married,fixed,owner,80000,90000,5000,0,60,1600,0,1,74
365508,married,freelance,owner,72000,45000,16000,0,48,1760,1,0,81
365509,married,fixed,tenant,110000,60000,8000,400,60,450,0,1,57
365510,married,fixed,tenant,111000,56000,0,0,60,1000,0,1,54
365511,single,parttime,tenant,60000,35000,0,0,36,500,0,0,38
365512,married,fixed,tenant,184000,75000,0,0,48,1400,0,1,54
365513,married,fixed,tenant,104000,45000,0,0,60,1400,0,1,27
365514,married,freelance,owner,290000,75000,42,0,18,350,1,0,55
365515,single,fixed,tenant,173000,35000,7700,0,48,1000,0,1,41
365516,married,fixed,owner,125000,60000,5000,0,18,500,0,1,73
365517,single,parttime,tenant,60000,35000,0,0,24,530,0,0,55
365518,married,parttime,tenant,160000,75000,6000,0,60,1200,0,0,39
365519,married,parttime,tenant,126000,73000,0,0,48,1300,0,0,39
365520,married,fixed,owner,148000,60000,9000,4090,36,500,0,1,62
365521,married,fixed,owner,170000,75000,3500,435,48,1500,0,1,87
365522,married,fixed,tenant,230000,68000,0,0,24,500,0,1,57
365523,married,freelance,owner,166000,60000,4000,1500,60,1350,1,0,62
365524,single,fixed,owner,67000,35000,1600,0,60,800,0,1,38
365525,single,fixed,tenant,190000,35000,0,0,60,1900,0,1,46
365526,married,fixed,owner,80000,60000,15000,0,36,800,0,1,70
365527,married,parttime,tenant,60000,66000,0,0,48,500,0,0,36
365528,single,fixed,tenant,91000,35000,0,0,60,900,0,1,62
365529,single,parttime,tenant,96000,35000,0,0,12,350,0,0,62
365530,married,fixed,tenant,180000,75000,0,0,60,1200,0,1,56
365531,married,freelance,owner,130000,60000,15000,0,24,250,1,0,86
365532,married,parttime,owner,67000,45000,4000,2000,60,1000,0,0,51
365533,married,fixed,owner,100000,75000,3500,0,60,1210,0,1,91
365534,married,fixed,owner,830000,60000,18000,0,60,2000,0,1,116
365535,married,fixed,owner,125000,45000,2500,700,60,1300,0,1,81
365536,married,freelance,owner,30000,60000,4000,0,48,900,1,0,55
365537,married,freelance,tenant,237000,69000,0,0,48,1571,1,0,40
365538,married,fixed,tenant,152000,60000,0,0,60,900,0,1,67
365539,married,fixed,owner,95000,60000,3000,0,24,300,0,1,83
365540,married,fixed,tenant,139000,74000,5000,0,30,300,0,1,71
365541,single,freelance,tenant,145000,45000,7000,0,48,1700,1,0,42
365542,married,freelance,tenant,300000,45000,30000,0,36,3000,1,0,49
365543,married,fixed,owner,135000,60000,2500,0,24,550,0,1,95
365544,single,fixed,tenant,80000,35000,0,0,60,1200,0,1,53
365545,married,fixed,owner,100000,60000,2250,0,36,450,0,1,84
365546,married,fixed,owner,275000,45000,4800,1200,6,2400,0,1,91
365547,married,fixed,owner,250000,90000,9000,7000,48,1250,0,1,64
365548,married,fixed,owner,125000,75000,3500,0,36,800,0,1,91
365549,married,fixed,owner,100000,90000,3500,0,48,1400,0,1,88
365550,married,fixed,tenant,130000,118000,0,0,60,900,0,1,40
365551,married,fixed,tenant,131000,75000,0,0,60,1200,0,1,54
365552,married,freelance,owner,350000,60000,13000,3000,60,1700,1,0,86
365553,married,freelance,tenant,538000,60000,0,0,60,1400,1,0,68
365554,married,freelance,tenant,276000,75000,1500,0,18,750,1,0,79
365555,single,fixed,tenant,107000,35000,0,0,60,700,0,1,77
365556,married,freelance,tenant,105000,45000,0,0,60,1100,1,0,44
365557,single,fixed,owner,156000,45000,9800,0,60,700,0,1,82
365558,married,fixed,owner,110000,90000,5200,600,60,1350,0,1,78
365559,married,fixed,owner,260000,60000,4000,500,48,800,0,1,86
365560,married,parttime,owner,34000,45000,16000,0,60,1000,0,0,52
365561,married,fixed,tenant,81000,68000,0,0,36,400,0,1,81
365562,married,parttime,owner,76000,75000,2500,550,60,800,0,0,67
365563,married,fixed,tenant,98000,60000,0,0,60,600,0,1,60
365564,married,freelance,owner,174000,135000,2000,0,18,700,1,0,59
365565,married,fixed,owner,132000,60000,6000,1500,60,1400,0,1,84
365566,single,fixed,tenant,105000,35000,9500,2350,36,1000,0,1,56
365567,married,fixed,owner,300000,75000,8000,0,60,1060,0,1,84
365568,married,fixed,tenant,117000,45000,0,0,48,768,0,1,72
365569,married,fixed,tenant,119000,60000,0,0,60,1300,0,1,52
365570,married,fixed,owner,140000,90000,30000,0,24,350,0,1,92
365571,single,fixed,tenant,70000,35000,0,0,48,1000,0,1,68
365572,single,freelance,owner,265000,35000,8000,0,60,1200,1,0,72
365573,married,fixed,tenant,180000,78000,0,0,36,1600,0,1,50
365574,married,parttime,owner,62000,60000,3000,0,36,300,0,0,70
365575,single,freelance,tenant,189000,35000,7750,3900,24,1000,1,0,70
365576,single,fixed,tenant,75000,43000,0,0,60,1000,0,1,49
365577,single,parttime,tenant,70000,35000,0,0,60,900,0,0,34
365578,married,fixed,owner,188000,75000,5000,0,60,1000,0,1,80
365579,single,fixed,tenant,150000,35000,0,0,36,1000,0,1,70
365580,married,fixed,owner,124000,45000,3000,0,48,700,0,1,73
365581,single,fixed,tenant,113000,45000,4000,0,60,900,0,1,71
365582,married,fixed,tenant,98000,75000,0,0,24,500,0,1,58
365583,single,fixed,tenant,184000,35000,5000,0,24,850,0,1,66
365584,married,fixed,tenant,195000,90000,1500,200,60,1150,0,1,43
365585,married,freelance,tenant,159000,61000,10000,0,36,950,1,0,66
365586,married,freelance,tenant,959000,135000,2000,500,24,1050,1,0,75
365587,married,freelance,tenant,170000,92000,12000,0,36,950,1,0,62
365588,single,fixed,tenant,28000,35000,0,0,24,400,0,1,79
365589,married,freelance,tenant,268000,102000,0,0,48,1400,1,0,44
365590,married,parttime,owner,155000,60000,4500,1641,48,800,0,0,75
365591,married,fixed,tenant,240000,84000,0,0,36,675,0,1,66
365592,married,fixed,owner,500000,90000,20000,0,60,1800,0,1,73
365593,married,fixed,owner,135000,75000,4000,0,60,978,0,1,86
365594,single,parttime,tenant,225000,35000,0,0,60,1130,0,0,62
365595,married,freelance,owner,100000,45000,4000,0,48,1600,1,0,59
365596,married,fixed,owner,190000,60000,5000,0,36,800,0,1,99
365597,married,freelance,owner,200000,60000,9000,0,60,1400,1,0,60
365598,married,fixed,tenant,154000,105000,12000,0,36,600,0,1,83
365599,married,fixed,owner,210000,45000,14000,0,60,1100,0,1,99
365600,married,fixed,tenant,145000,60000,0,0,36,650,0,1,61
365601,married,fixed,owner,210000,90000,16000,0,60,2100,0,1,75
365602,married,parttime,tenant,102000,35000,0,0,60,1100,0,0,27
365603,married,freelance,tenant,91000,45000,2000,0,24,400,1,0,68
365604,married,fixed,owner,75000,105000,10000,0,36,400,0,1,80
365605,married,freelance,owner,150000,75000,7000,1500,36,500,1,0,87
365606,single,fixed,tenant,120000,35000,0,0,36,1000,0,1,74
365607,married,freelance,tenant,36000,64000,0,0,60,1150,1,0,28
365608,married,freelance,owner,129000,90000,16000,0,36,1000,1,0,61
365609,married,fixed,tenant,125000,45000,0,0,60,900,0,1,69
365610,married,fixed,tenant,156000,75000,0,0,48,1100,0,1,75
365611,married,fixed,owner,72000,60000,2500,1300,60,750,0,1,72
365612,married,fixed,tenant,166000,75000,0,0,24,1150,0,1,54
365613,single,parttime,tenant,75000,35000,0,0,36,350,0,0,55
365614,married,fixed,owner,125000,90000,4700,400,24,250,0,1,73
365615,married,freelance,tenant,250000,70000,4100,0,60,1200,1,0,74
365616,married,fixed,owner,128000,45000,30000,0,36,1500,0,1,86
365617,married,fixed,owner,155000,60000,16500,0,36,1000,0,1,81
365618,married,fixed,owner,459000,60000,22000,9700,60,600,0,1,89
365619,married,fixed,owner,360000,75000,8000,4000,48,1700,0,1,74
365620,married,fixed,tenant,100000,85000,0,0,36,600,0,1,51
365621,married,fixed,tenant,80000,53000,0,0,60,400,0,1,73
365622,married,fixed,owner,250000,90000,10000,2000,60,800,0,1,74
365623,married,fixed,tenant,105000,45000,0,0,36,625,0,1,55
365624,married,freelance,owner,300000,105000,30000,1300,36,1100,1,0,60
365625,married,freelance,tenant,137000,60000,0,0,24,300,1,0,68
365626,married,fixed,owner,110000,90000,15000,0,12,125,0,1,88
365627,single,fixed,owner,127000,35000,10000,0,36,850,0,1,81
365628,single,fixed,owner,56000,35000,7000,1500,60,1250,0,1,63
365629,married,fixed,owner,75000,90000,5000,0,60,1000,0,1,75
365630,single,freelance,owner,52000,35000,4000,0,36,400,1,0,62
365631,single,fixed,tenant,100000,35000,0,0,60,1000,0,1,59
365632,married,fixed,tenant,170000,62000,8000,0,60,915,0,1,69
365633,single,fixed,tenant,150000,35000,5050,3800,60,1000,0,1,77
365634,married,fixed,owner,188000,75000,7000,1000,12,600,0,1,85
365635,married,fixed,tenant,175000,75000,1000,0,36,475,0,1,46
365636,married,fixed,tenant,64000,45000,0,0,60,1150,0,1,74
365637,single,parttime,tenant,110000,35000,0,0,36,650,0,0,36
365638,married,fixed,owner,186000,45000,3000,0,60,1900,0,1,63
365639,single,fixed,owner,140000,75000,6000,0,60,1800,0,1,68
365640,married,freelance,owner,200000,45000,2000,0,12,350,1,0,77
365641,married,fixed,owner,135000,90000,4750,3500,60,1100,0,1,60
365642,married,fixed,owner,130000,45000,9000,0,60,1800,0,1,73
365643,married,freelance,owner,200000,60000,5500,0,48,3075,1,0,56
365644,married,parttime,tenant,33000,60000,0,0,60,1250,0,0,25
365645,married,freelance,tenant,69000,75000,3500,0,36,200,1,0,48
365646,married,fixed,owner,90000,45000,3000,0,60,900,0,1,80
365647,married,fixed,owner,175000,60000,8000,1500,60,1000,0,1,83
365648,married,parttime,owner,197000,90000,5000,300,18,860,0,0,54
365649,married,fixed,owner,125000,90000,12000,0,48,800,0,1,77
365650,married,freelance,owner,170000,45000,14000,1200,36,1100,1,0,65
365651,married,freelance,tenant,247000,100000,0,0,48,1500,1,0,41
365652,married,freelance,tenant,250000,45000,100000,0,60,1300,1,0,62
365653,married,fixed,owner,130000,75000,5000,0,24,450,0,1,96
365654,married,fixed,tenant,207000,75000,0,0,24,600,0,1,58
365655,married,freelance,tenant,65000,97000,0,0,60,1000,1,0,34
365656,married,freelance,owner,180000,90000,8000,560,36,700,1,0,53
365657,married,freelance,owner,250000,60000,40000,9300,48,700,1,0,88
365658,married,freelance,owner,129000,45000,3000,0,60,970,1,0,60
365659,married,freelance,tenant,159000,90000,0,0,60,1600,1,0,45
365660,single,parttime,tenant,116000,35000,2000,0,48,1100,0,0,58
365661,married,fixed,owner,88000,75000,2500,0,60,1000,0,1,64
365662,married,parttime,tenant,120000,72000,0,0,24,900,0,0,43
365663,married,fixed,tenant,100000,70000,0,0,60,900,0,1,71
365664,married,fixed,owner,100000,60000,5000,0,60,800,0,1,71
365665,single,freelance,tenant,113000,35000,13000,0,60,1500,1,0,62
365666,married,freelance,owner,80000,105000,9000,0,36,850,1,0,51
365667,married,fixed,owner,150000,60000,3200,400,60,800,0,1,75
365668,married,freelance,tenant,52000,75000,0,0,36,2400,1,0,20
365669,single,fixed,tenant,71000,35000,3500,0,60,600,0,1,78
365670,single,fixed,tenant,99000,55000,0,0,60,750,0,1,57
365671,single,fixed,tenant,63000,35000,0,0,36,300,0,1,73
365672,married,freelance,owner,166000,75000,7000,700,60,1000,1,0,54
365673,married,fixed,tenant,108000,45000,0,0,60,1000,0,1,49
365674,married,fixed,tenant,134000,58000,500,0,60,900,0,1,64
365675,married,fixed,tenant,138000,74000,0,0,36,900,0,1,54
365676,married,fixed,owner,110000,60000,3000,0,48,1270,0,1,67
365677,married,fixed,owner,160000,45000,3500,0,60,1300,0,1,70
365678,married,fixed,owner,176000,60000,4000,450,60,1800,0,1,83
365679,single,parttime,tenant,70000,35000,0,0,60,925,0,0,42
365680,married,fixed,tenant,60000,51000,0,0,60,1750,0,1,68
365681,married,fixed,tenant,130000,45000,0,0,6,500,0,1,42
365682,single,fixed,tenant,176000,35000,0,0,60,1100,0,1,72
365683,married,fixed,owner,130000,90000,3000,0,60,800,0,1,81
365684,single,fixed,owner,108000,35000,12000,0,36,350,0,1,72
365685,married,freelance,owner,144000,60000,6500,3650,60,1200,1,0,75
365686,married,freelance,owner,150000,60000,10000,2000,60,1000,1,0,75
365687,married,fixed,tenant,183000,108000,0,0,36,950,0,1,69
365688,married,fixed,tenant,108000,56000,0,0,60,1000,0,1,50
365689,married,freelance,tenant,200000,90000,6000,0,36,1550,1,0,45
365690,married,fixed,tenant,180000,78000,0,0,12,300,0,1,79
365691,married,fixed,tenant,130000,58000,0,0,60,1000,0,1,54
365692,married,fixed,tenant,140000,74000,0,0,48,2000,0,1,52
365693,married,fixed,owner,141000,75000,3500,0,60,1250,0,1,74
365694,married,fixed,owner,127000,60000,3500,0,48,700,0,1,95
365695,married,fixed,owner,117000,60000,3000,0,48,1650,0,1,89
365696,married,fixed,tenant,130000,88000,0,0,36,400,0,1,47
365697,married,freelance,owner,240000,75000,3000,0,60,1300,1,0,65
365698,single,fixed,tenant,425000,35000,0,0,60,900,0,1,45
365699,married,freelance,owner,800000,75000,25000,2050,60,2600,1,0,64
365700,single,fixed,tenant,80000,35000,0,0,60,1000,0,1,74
365701,single,fixed,tenant,95000,45000,0,0,60,1250,0,1,73
365702,single,parttime,owner,71000,35000,1500,0,60,1150,0,0,54
365703,married,fixed,tenant,135000,45000,0,0,60,1400,0,1,48
365704,single,fixed,tenant,47000,35000,0,0,36,400,0,1,72
365705,married,fixed,tenant,250000,90000,3000,0,12,240,0,1,92
365706,single,freelance,tenant,150000,35000,0,0,12,920,1,0,64
365707,married,fixed,owner,118000,60000,6500,0,48,750,0,1,77
365708,married,fixed,owner,130000,60000,6000,0,48,1480,0,1,83
365709,married,fixed,owner,125000,45000,4000,200,36,375,0,1,92
365710,married,freelance,tenant,171000,77000,0,0,60,2500,1,0,39
365711,married,fixed,owner,265000,45000,2500,1100,36,1400,0,1,90
365712,single,freelance,tenant,100000,45000,0,0,60,1450,1,0,46
365713,married,freelance,tenant,69000,82000,0,0,60,2000,1,0,35
365714,married,fixed,owner,293000,75000,4000,0,48,1298,0,1,81
365715,single,fixed,tenant,87000,35000,1200,0,24,425,0,1,70
365716,married,fixed,owner,110000,45000,6000,2000,60,1400,0,1,71
365717,married,freelance,owner,75000,75000,2500,0,60,1100,1,0,66
365718,married,freelance,tenant,40000,75000,3500,0,48,600,1,0,47
365719,married,fixed,owner,140000,45000,3500,1500,60,600,0,1,78
365720,married,freelance,tenant,122000,60000,0,0,24,275,1,0,52
365721,single,parttime,tenant,161000,45000,2500,0,36,580,0,0,41
365722,single,fixed,tenant,70000,35000,0,0,6,850,0,1,75
365723,married,fixed,owner,65000,75000,2500,0,36,700,0,1,89
365724,married,parttime,tenant,66000,60000,0,0,24,1300,0,0,34
365725,married,fixed,tenant,73000,42000,0,0,48,579,0,1,45
365726,married,freelance,tenant,178000,78000,0,0,36,700,1,0,55
365727,single,parttime,tenant,140000,35000,0,0,60,763,0,0,55
365728,single,freelance,owner,50000,35000,15000,0,60,960,1,0,60
365729,married,fixed,owner,78000,45000,5000,6300,60,1075,0,1,72
365730,married,freelance,owner,60000,75000,10000,0,36,1000,1,0,76
365731,married,freelance,owner,350000,60000,7500,0,60,1500,1,0,68
365732,married,fixed,tenant,140000,59000,0,0,48,1800,0,1,65
365733,married,parttime,owner,125000,75000,4500,0,36,600,0,0,70
365734,married,fixed,tenant,121000,102000,0,0,48,1000,0,1,35
365735,single,parttime,owner,155000,35000,6500,0,60,1100,0,0,55
365736,single,fixed,tenant,133000,35000,3000,0,48,1000,0,1,73
365737,married,fixed,owner,117000,75000,2000,0,60,1000,0,1,63
365738,single,fixed,tenant,125000,35000,0,0,36,600,0,1,60
365739,married,fixed,tenant,136000,75000,2500,500,48,940,0,1,64
365740,married,freelance,owner,25000,75000,3600,1800,12,100,1,0,77
365741,married,fixed,tenant,176000,93000,0,0,36,350,0,1,53
365742,married,freelance,tenant,430000,45000,70000,0,12,1000,1,0,74
365743,married,fixed,tenant,125000,88000,0,0,60,1200,0,1,73
365744,single,fixed,owner,79000,35000,4000,0,60,850,0,1,61
365745,married,parttime,tenant,92000,69000,0,0,36,475,0,0,26
365746,married,fixed,tenant,176000,45000,0,0,60,1150,0,1,72
365747,married,fixed,tenant,85000,75000,7000,0,60,1050,0,1,67
365748,married,fixed,owner,188000,90000,9000,0,24,700,0,1,93
365749,married,freelance,tenant,300000,75000,0,0,48,1700,1,0,51
365750,single,fixed,tenant,100000,35000,0,0,60,1500,0,1,68
365751,married,fixed,tenant,120000,57000,0,0,60,1000,0,1,64
365752,single,parttime,tenant,60000,35000,0,0,12,100,0,0,50
365753,married,fixed,tenant,125000,103000,1500,0,48,1100,0,1,50
365754,married,fixed,owner,464000,90000,5000,0,12,1100,0,1,82
365755,married,fixed,tenant,176000,35000,0,0,60,1000,0,1,39
365756,single,fixed,tenant,90000,35000,0,0,60,1600,0,1,61
365757,married,freelance,owner,200000,60000,9000,0,60,750,1,0,77
365758,single,fixed,tenant,415000,35000,0,0,24,700,0,1,64
365759,married,fixed,owner,318000,45000,8000,3300,60,1350,0,1,83
365760,single,fixed,owner,163000,35000,6000,0,18,1200,0,1,67
365761,married,fixed,tenant,72000,97000,0,0,60,1200,0,1,53
365762,married,fixed,owner,156000,45000,5000,198,60,1550,0,1,88
365763,single,freelance,owner,49000,35000,2000,0,36,400,1,0,64
365764,married,fixed,owner,110000,75000,3000,0,60,950,0,1,87
365765,married,fixed,owner,140000,45000,5500,1200,60,900,0,1,74
365766,married,freelance,owner,92000,60000,2500,850,36,600,1,0,83
365767,single,freelance,tenant,74000,35000,0,0,60,1700,1,0,28
365768,married,parttime,owner,145000,60000,3000,0,24,500,0,0,54
365769,married,fixed,tenant,104000,75000,0,0,60,1200,0,1,47
365770,married,freelance,owner,400000,75000,12000,0,36,1500,1,0,60
365771,married,parttime,owner,95000,45000,5000,0,48,1000,0,0,63
365772,married,freelance,owner,150000,60000,5000,0,6,300,1,0,91
365773,single,fixed,tenant,160000,35000,0,0,12,250,0,1,68
365774,married,fixed,owner,177000,60000,10000,0,60,1450,0,1,83
365775,married,fixed,owner,85000,60000,3000,0,48,500,0,1,90
365776,married,freelance,tenant,380000,113000,0,0,36,1000,1,0,58
365777,married,fixed,owner,107000,60000,4000,0,60,1000,0,1,88
365778,married,freelance,owner,134000,45000,2500,0,36,625,1,0,81
365779,single,fixed,tenant,81000,35000,0,0,60,850,0,1,70
365780,married,fixed,tenant,191000,124000,2000,0,60,2000,0,1,42
365781,married,parttime,owner,100000,75000,7000,0,60,1000,0,0,48
365782,single,fixed,tenant,110000,35000,0,0,36,500,0,1,62
365783,married,fixed,tenant,225000,45000,0,0,48,1000,0,1,46
365784,married,fixed,tenant,100000,60000,0,0,60,300,0,1,36
365785,married,fixed,owner,217000,60000,5000,0,48,1250,0,1,81
365786,married,fixed,tenant,176000,75000,0,0,36,950,0,1,50
365787,married,fixed,owner,254000,45000,6000,800,24,500,0,1,96
365788,married,fixed,tenant,126000,90000,4000,0,60,1400,0,1,66
365789,married,freelance,owner,200000,45000,3500,0,60,950,1,0,73
365790,married,fixed,tenant,101000,60000,0,0,60,850,0,1,55
365791,married,fixed,tenant,119000,60000,0,0,60,1600,0,1,43
365792,single,fixed,owner,152000,35000,4000,0,48,1210,0,1,76
365793,married,parttime,tenant,113000,90000,3500,0,48,600,0,0,62
365794,married,fixed,tenant,119000,75000,0,0,36,300,0,1,65
365795,single,fixed,tenant,267000,35000,0,0,60,2350,0,1,28
365796,single,freelance,tenant,75000,35000,7000,0,60,850,1,0,62
365797,married,fixed,tenant,80000,83000,0,0,60,1220,0,1,51
365798,married,parttime,tenant,137000,60000,0,0,36,700,0,0,59
365799,married,fixed,tenant,107000,45000,3000,0,36,700,0,1,77
365800,married,freelance,owner,62000,90000,3000,0,60,650,1,0,79
365801,married,freelance,owner,62000,90000,3000,0,60,650,1,0,81
365802,married,fixed,tenant,125000,88000,0,0,60,750,0,1,54
365803,married,fixed,tenant,190000,79000,4000,0,60,1250,0,1,60
365804,married,fixed,owner,124000,60000,1000,0,24,500,0,1,70
365805,married,parttime,owner,144000,60000,3000,0,36,475,0,0,48
365806,married,fixed,owner,184000,45000,3500,0,60,1550,0,1,74
365807,single,freelance,tenant,100000,35000,0,0,24,800,1,0,48
365808,married,fixed,owner,80000,75000,4500,3500,12,300,0,1,77
365809,married,fixed,tenant,129000,58000,0,0,60,1125,0,1,49
365810,married,fixed,owner,225000,60000,9000,0,24,600,0,1,82
365811,married,fixed,owner,191000,75000,8000,2000,48,1400,0,1,65
365812,married,fixed,tenant,150000,75000,0,0,24,512,0,1,72
365813,married,fixed,tenant,127000,45000,2000,0,60,1000,0,1,69
365814,married,fixed,owner,283000,45000,8000,0,60,900,0,1,59
365815,single,fixed,tenant,195000,45000,17000,0,60,1200,0,1,79
365816,married,fixed,owner,114000,45000,3600,0,36,650,0,1,96
365817,single,fixed,tenant,64000,35000,0,0,60,1550,0,1,65
365818,married,fixed,tenant,100000,85000,0,0,60,1100,0,1,28
365819,single,parttime,tenant,113000,46000,0,0,36,1100,0,0,45
365820,married,freelance,owner,178000,75000,50000,0,60,1850,1,0,71
365821,married,freelance,owner,100000,75000,17000,0,48,500,1,0,93
365822,single,freelance,tenant,100000,35000,0,0,36,950,1,0,47
365823,married,fixed,owner,310000,60000,3000,0,60,1600,0,1,58
365824,single,fixed,tenant,86000,35000,0,0,60,1400,0,1,52
365825,single,fixed,tenant,139000,35000,0,0,36,1100,0,1,72
365826,single,parttime,owner,94000,35000,7500,0,60,1350,0,0,58
365827,married,fixed,tenant,135000,59000,0,0,36,650,0,1,79
365828,married,fixed,tenant,110000,45000,2500,0,60,800,0,1,40
365829,married,fixed,owner,145000,45000,3500,0,48,700,0,1,95
365830,single,fixed,tenant,53000,35000,0,0,54,850,0,1,49
365831,married,freelance,owner,229000,75000,8000,0,42,1700,1,0,64
365832,married,freelance,owner,285000,75000,20000,0,60,1440,1,0,56
365833,married,freelance,tenant,240000,69000,0,0,12,500,1,0,56
365834,single,fixed,tenant,86000,35000,8000,0,60,1200,0,1,63
365835,married,fixed,tenant,165000,60000,3500,1300,60,1400,0,1,53
365836,married,fixed,owner,129000,105000,3500,1200,60,750,0,1,70
365837,married,fixed,tenant,131000,60000,6000,0,60,1250,0,1,73
365838,married,fixed,tenant,123000,57000,0,0,60,1000,0,1,65
365839,single,fixed,tenant,208000,56000,0,0,48,1200,0,1,36
365840,married,fixed,owner,133000,60000,2000,0,60,1000,0,1,82
365841,married,freelance,owner,500000,75000,14000,0,24,500,1,0,99
365842,married,fixed,tenant,102000,35000,6000,0,36,1000,0,1,48
365843,married,fixed,owner,150000,75000,3000,0,48,1000,0,1,71
365844,married,fixed,tenant,100000,75000,5000,0,60,1350,0,1,70
365845,single,fixed,tenant,110000,46000,0,0,18,500,0,1,80
365846,married,freelance,owner,65000,60000,11000,0,60,1400,1,0,83
365847,single,fixed,tenant,120000,47000,5500,1700,60,1650,0,1,48
365848,single,fixed,tenant,78000,35000,0,0,24,800,0,1,72
365849,married,fixed,owner,187000,60000,6000,1000,60,1100,0,1,86
365850,married,freelance,owner,428000,60000,22000,0,60,1900,1,0,71
365851,married,freelance,tenant,60000,51000,0,0,60,750,1,0,39
365852,married,fixed,owner,116000,75000,3000,575,60,950,0,1,90
365853,married,fixed,owner,114000,75000,5000,0,36,1000,0,1,80
365854,married,fixed,owner,208000,45000,6500,5000,48,1000,0,1,76
365855,married,fixed,owner,123000,75000,4000,0,60,700,0,1,88
365856,married,parttime,tenant,64000,66000,0,0,48,1100,0,0,43
365857,married,fixed,owner,350000,75000,7000,0,48,1000,0,1,91
365858,single,fixed,tenant,85000,35000,0,0,36,105,0,1,74
365859,married,fixed,tenant,90000,84000,0,0,24,400,0,1,71
365860,married,fixed,tenant,250000,100000,0,0,60,1250,0,1,55
365861,married,fixed,owner,173000,75000,4000,1600,60,933,0,1,90
365862,single,fixed,tenant,135000,49000,0,0,36,600,0,1,81
365863,married,fixed,tenant,210000,75000,0,0,60,1330,0,1,51
365864,married,fixed,tenant,80000,53000,0,0,60,1350,0,1,58
365865,single,fixed,tenant,173000,35000,4800,0,6,475,0,1,75
365866,married,fixed,owner,130000,60000,5000,1500,60,900,0,1,71
365867,married,fixed,owner,112000,75000,5000,3600,36,400,0,1,94
365868,married,fixed,tenant,70000,52000,0,0,60,1000,0,1,59
365869,single,fixed,tenant,116000,35000,0,0,36,925,0,1,73
365870,married,fixed,owner,165000,45000,4000,600,48,950,0,1,79
365871,married,freelance,owner,116000,60000,4000,0,36,1000,1,0,68
365872,married,freelance,owner,25000,45000,2500,0,24,400,1,0,88
365873,single,fixed,tenant,130000,35000,4000,0,36,500,0,1,65
365874,married,freelance,tenant,52000,50000,1800,0,60,800,1,0,48
365875,single,fixed,tenant,78000,35000,0,0,24,550,0,1,40
365876,married,freelance,owner,148000,45000,4500,0,60,1300,1,0,75
365877,married,freelance,owner,246000,60000,25000,0,60,850,1,0,88
365878,married,freelance,tenant,74000,82000,8000,0,36,475,1,0,59
365879,single,fixed,tenant,138000,49000,0,0,60,950,0,1,71
365880,married,freelance,owner,155000,90000,5000,0,36,300,1,0,61
365881,married,fixed,tenant,247000,70000,0,0,48,900,0,1,71
365882,single,freelance,tenant,85000,35000,0,0,48,650,1,0,61
365883,married,freelance,owner,42000,45000,4000,0,12,400,1,0,75
365884,married,fixed,tenant,157000,60000,8000,0,60,1600,0,1,76
365885,married,fixed,owner,236000,75000,3750,2000,60,1500,0,1,74
365886,married,fixed,tenant,137000,74000,0,0,60,1000,0,1,72
365887,married,freelance,owner,152000,60000,10000,0,36,500,1,0,88
365888,married,freelance,tenant,100000,35000,3000,0,60,1400,1,0,39
365889,single,fixed,tenant,167000,35000,10000,0,60,2000,0,1,47
365890,married,fixed,tenant,330000,153000,0,0,48,1000,0,1,61
365891,single,fixed,tenant,250000,60000,9200,0,60,1500,0,1,61
365892,single,fixed,tenant,80000,35000,8000,0,36,490,0,1,81
365893,single,fixed,owner,200000,35000,5000,0,36,900,0,1,77
365894,married,freelance,owner,84000,60000,13000,0,48,1390,1,0,79
365895,married,fixed,owner,200000,75000,10000,1620,60,1000,0,1,86
365896,married,fixed,owner,187000,60000,5000,0,60,1500,0,1,65
365897,single,fixed,owner,70000,35000,4000,0,60,1200,0,1,72
365898,married,fixed,owner,120000,75000,5000,0,60,1100,0,1,64
365899,married,fixed,owner,80000,45000,2000,200,60,1000,0,1,70
365900,married,freelance,tenant,41000,79000,7000,0,24,1200,1,0,34
365901,married,fixed,tenant,57000,81000,0,0,60,1400,0,1,25
365902,single,freelance,tenant,239000,35000,5000,3000,36,1200,1,0,69
365903,single,fixed,tenant,70000,35000,0,0,48,1250,0,1,47
365904,married,freelance,tenant,250000,70000,0,0,48,860,1,0,75
365905,married,freelance,owner,222000,45000,12000,0,60,600,1,0,71
365906,married,freelance,owner,150000,75000,1,0,60,1000,1,0,60
365907,single,fixed,owner,175000,35000,3000,0,48,750,0,1,83
365908,single,fixed,tenant,138000,49000,0,0,36,900,0,1,61
365909,married,fixed,tenant,72000,45000,0,0,36,350,0,1,72
365910,married,freelance,owner,136000,90000,2650,0,60,600,1,0,58
365911,married,freelance,owner,40000,90000,5000,1600,60,2000,1,0,72
365912,single,freelance,tenant,130000,45000,8500,0,60,1100,1,0,73
365913,married,fixed,tenant,190000,75000,0,0,60,700,0,1,67
365914,married,fixed,owner,243000,60000,2500,1980,60,1250,0,1,95
365915,married,fixed,tenant,98000,70000,0,0,60,1100,0,1,50
365916,single,parttime,tenant,126000,35000,0,0,24,1150,0,0,24
365917,married,parttime,owner,55000,75000,4000,0,48,1500,0,0,45
365918,married,parttime,owner,88000,105000,2000,0,60,850,0,0,52
365919,single,parttime,owner,181000,35000,4500,0,60,1600,0,0,54
365920,married,fixed,tenant,77000,90000,3400,0,60,1500,0,1,49
365921,single,fixed,tenant,110000,35000,0,0,36,300,0,1,58
365922,married,fixed,owner,125000,60000,4000,0,60,1080,0,1,85
365923,married,freelance,owner,225000,60000,14500,1200,60,700,1,0,75
365924,single,fixed,tenant,74000,42000,0,0,36,950,0,1,68
365925,married,fixed,owner,115000,45000,20000,0,18,600,0,1,83
365926,married,freelance,tenant,137000,74000,3500,0,48,600,1,0,49
365927,single,fixed,owner,202000,45000,6500,0,36,350,0,1,80
365928,married,fixed,owner,135000,75000,18000,0,48,1000,0,1,97
365929,married,freelance,owner,145000,45000,5000,0,48,680,1,0,91
365930,married,freelance,tenant,54000,65000,0,0,36,450,1,0,63
365931,married,freelance,owner,80000,45000,6000,0,12,1000,1,0,68
365932,married,fixed,owner,140000,45000,9000,0,36,1000,0,1,83
365933,single,fixed,tenant,90000,35000,0,0,60,1250,0,1,70
365934,single,freelance,tenant,32000,45000,0,0,36,650,1,0,65
365935,married,fixed,owner,130000,45000,3000,0,24,800,0,1,73
365936,married,freelance,owner,285000,60000,22000,700,24,500,1,0,81
365937,single,parttime,tenant,75000,35000,0,0,36,1450,0,0,49
365938,married,freelance,owner,150000,45000,7000,0,36,1500,1,0,54
365939,single,fixed,owner,172000,35000,3000,2000,60,950,0,1,51
365940,married,freelance,tenant,300000,75000,0,0,36,400,1,0,71
365941,single,fixed,tenant,73000,35000,0,0,60,650,0,1,44
365942,married,fixed,owner,165000,60000,3500,0,60,500,0,1,86
365943,married,freelance,owner,300000,90000,3000,0,36,1200,1,0,85
365944,married,fixed,tenant,217000,67000,0,0,60,1800,0,1,44
365945,married,fixed,tenant,134000,105000,0,0,60,1000,0,1,33
365946,married,fixed,tenant,90000,60000,2000,0,60,1650,0,1,53
365947,married,fixed,tenant,100000,45000,0,0,36,1000,0,1,67
365948,married,fixed,owner,217000,75000,3500,0,48,1400,0,1,71
365949,married,fixed,owner,62000,60000,4000,0,48,984,0,1,80
365950,married,fixed,tenant,60000,66000,0,0,6,200,0,1,69
365951,married,fixed,owner,117000,60000,1100,80,60,1400,0,1,70
365952,single,fixed,tenant,73000,42000,0,0,48,940,0,1,49
365953,single,fixed,tenant,86000,35000,0,0,48,900,0,1,51
365954,married,fixed,owner,67000,75000,3000,2040,48,1000,0,1,63
365955,married,fixed,owner,165000,75000,5000,0,36,900,0,1,86
365956,married,fixed,tenant,166000,75000,6000,0,60,1500,0,1,64
365957,single,fixed,tenant,82000,35000,0,0,48,480,0,1,50
365958,married,freelance,tenant,90000,44000,0,0,36,1050,1,0,55
365959,single,fixed,tenant,327000,68000,0,0,60,700,0,1,46
365960,married,fixed,owner,145000,75000,3000,1800,60,1500,0,1,62
365961,married,freelance,tenant,202000,95000,0,0,36,600,1,0,57
365962,married,parttime,owner,150000,45000,4000,2800,60,1400,0,0,66
365963,married,fixed,tenant,223000,82000,0,0,36,450,0,1,54
365964,married,fixed,tenant,325000,60000,0,0,36,400,0,1,62
365965,married,fixed,owner,143000,60000,5500,0,60,1300,0,1,74
365966,married,fixed,tenant,100000,85000,0,0,60,850,0,1,46
365967,married,fixed,owner,124000,45000,2500,1000,12,800,0,1,75
365968,married,fixed,tenant,110000,86000,0,0,48,1150,0,1,69
365969,married,freelance,tenant,120000,75000,0,0,48,900,1,0,47
365970,married,fixed,owner,107000,60000,4000,0,60,800,0,1,91
365971,single,fixed,tenant,83000,35000,0,0,60,1400,0,1,50
365972,married,parttime,tenant,162000,60000,20000,0,36,1000,0,0,43
365973,married,freelance,owner,245000,90000,3850,2432,48,1520,1,0,49
365974,married,fixed,tenant,243000,60000,8500,0,60,1850,0,1,78
365975,single,fixed,tenant,76000,43000,0,0,60,650,0,1,57
365976,married,fixed,owner,400000,60000,6000,0,18,200,0,1,93
365977,single,parttime,tenant,106000,35000,5000,0,48,500,0,0,68
365978,married,fixed,owner,120000,75000,7000,0,36,650,0,1,88
365979,single,fixed,tenant,122000,35000,0,0,60,2000,0,1,56
365980,single,fixed,tenant,80000,43000,0,0,36,700,0,1,57
365981,married,fixed,tenant,120000,60000,4000,1500,60,1500,0,1,52
365982,married,fixed,tenant,200000,80000,0,0,48,978,0,1,58
365983,married,fixed,tenant,191000,79000,4000,700,60,1000,0,1,77
365984,married,fixed,tenant,67000,52000,0,0,60,800,0,1,69
365985,single,freelance,owner,169000,35000,60000,3000,36,800,1,0,82
365986,married,freelance,tenant,210000,96000,0,0,12,300,1,0,52
365987,single,fixed,owner,110000,35000,2500,0,60,1090,0,1,67
365988,married,fixed,tenant,45000,45000,0,0,60,600,0,1,51
365989,married,fixed,owner,150000,135000,3500,0,60,1100,0,1,90
365990,single,fixed,tenant,100000,35000,0,0,60,1300,0,1,68
365991,married,fixed,owner,345000,75000,6000,3300,60,700,0,1,74
365992,married,fixed,owner,122000,60000,3000,0,60,750,0,1,75
365993,married,fixed,owner,110000,60000,10000,0,60,1500,0,1,65
365994,married,freelance,tenant,90000,54000,2000,0,60,1500,1,0,46
365995,married,fixed,owner,76000,75000,15000,0,48,300,0,1,74
365996,married,freelance,tenant,340000,94000,1000,0,36,525,1,0,68
365997,married,fixed,owner,185000,60000,6300,2300,60,2000,0,1,62
365998,married,fixed,owner,101000,75000,3500,0,60,1090,0,1,71
365999,married,fixed,owner,196000,60000,5000,300,24,800,0,1,85
366000,married,fixed,owner,158000,75000,17000,0,36,1000,0,1,99
366001,married,fixed,tenant,221000,45000,3000,0,60,1600,0,1,69
366002,single,fixed,owner,133000,35000,3500,150,60,1600,0,1,52
366003,married,freelance,owner,331000,90000,5000,0,60,1300,1,0,65
366004,married,freelance,owner,150000,90000,5000,0,24,250,1,0,92
366005,married,fixed,owner,390000,75000,8000,0,12,500,0,1,84
366006,married,parttime,owner,146000,60000,2500,0,36,700,0,0,69
366007,single,freelance,tenant,478000,45000,9000,0,48,2100,1,0,56
366008,single,fixed,tenant,90000,60000,4000,0,24,500,0,1,79
366009,married,fixed,tenant,169000,60000,4000,0,48,1000,0,1,81
366010,married,freelance,owner,100000,45000,39000,0,60,1060,1,0,61
366011,married,freelance,tenant,90000,54000,0,0,18,300,1,0,56
366012,married,freelance,owner,160000,60000,3000,800,48,1300,1,0,56
366013,married,fixed,tenant,222000,82000,0,0,48,1900,0,1,56
366014,married,fixed,owner,111000,75000,2500,0,60,1150,0,1,69
366015,single,parttime,owner,111000,45000,7000,0,48,1100,0,0,56
366016,married,fixed,owner,168000,75000,4000,0,36,1100,0,1,96
366017,married,freelance,owner,215000,90000,4500,0,60,1000,1,0,81
366018,married,freelance,owner,94000,75000,5500,9500,60,1660,1,0,48
366019,single,fixed,tenant,63000,35000,0,0,36,600,0,1,64
366020,married,fixed,tenant,280000,73000,0,0,60,600,0,1,59
366021,married,fixed,owner,220000,75000,7000,0,48,1300,0,1,72
366022,married,fixed,owner,126000,45000,3500,2400,60,1000,0,1,86
366023,married,fixed,owner,120000,60000,3000,0,36,350,0,1,87
366024,single,parttime,tenant,90000,35000,0,0,60,900,0,0,32
366025,married,freelance,owner,191000,75000,14000,0,24,1000,1,0,69
366026,single,freelance,tenant,148000,50000,4000,0,60,835,1,0,60
366027,single,freelance,tenant,102000,45000,0,0,60,1500,1,0,45
366028,single,fixed,tenant,88000,35000,0,0,24,325,0,1,56
366029,married,fixed,tenant,150000,60000,2500,0,60,1100,0,1,57
366030,married,fixed,owner,115000,60000,4000,0,60,1650,0,1,88
366031,single,fixed,tenant,76000,43000,0,0,60,500,0,1,51
366032,married,fixed,owner,145000,60000,3500,1100,60,1250,0,1,68
366033,married,freelance,tenant,69000,60000,7000,0,60,1400,1,0,25
366034,married,freelance,owner,207000,60000,20000,0,60,1370,1,0,91
366035,single,fixed,tenant,60000,35000,19000,0,36,775,0,1,61
366036,single,fixed,tenant,73000,35000,0,0,48,700,0,1,60
366037,single,fixed,owner,112000,35000,3000,0,48,850,0,1,66
366038,married,fixed,owner,95000,90000,4000,250,60,1450,0,1,88
366039,single,fixed,tenant,150000,35000,0,0,48,1000,0,1,66
366040,married,fixed,owner,250000,60000,2500,0,60,1250,0,1,86
366041,single,fixed,tenant,46000,35000,0,0,48,900,0,1,58
366042,married,fixed,tenant,60000,45000,3000,0,60,1150,0,1,59
366043,single,parttime,tenant,92000,35000,0,0,60,1400,0,0,55
366044,married,fixed,owner,120000,90000,6000,1500,60,900,0,1,68
366045,married,fixed,owner,231000,45000,13000,290,12,400,0,1,92
366046,married,fixed,tenant,175000,93000,0,0,60,1650,0,1,71
366047,single,parttime,tenant,160000,35000,3500,1200,48,1200,0,0,35
366048,single,fixed,tenant,109000,35000,0,0,60,1000,0,1,58
366049,married,fixed,tenant,247000,60000,0,0,48,1900,0,1,68
366050,single,fixed,tenant,140000,35000,3000,0,60,1550,0,1,60
366051,single,freelance,tenant,100000,35000,5000,0,60,1200,1,0,42
366052,single,fixed,tenant,115000,35000,500,0,48,360,0,1,59
366053,married,freelance,tenant,12000,90000,0,0,36,850,1,0,60
366054,single,fixed,tenant,63000,41000,30000,0,36,625,0,1,71
366055,single,fixed,tenant,79000,35000,0,0,60,1570,0,1,52
366056,married,freelance,tenant,333000,78000,0,0,48,700,1,0,68
366057,single,fixed,owner,183000,35000,8000,0,48,1200,0,1,42
366058,single,freelance,tenant,46000,35000,0,0,24,250,1,0,67
366059,married,freelance,owner,25000,45000,3500,0,36,1300,1,0,81
366060,married,fixed,tenant,159000,90000,2000,0,60,750,0,1,51
366061,married,freelance,tenant,292000,119000,13000,2500,60,1500,1,0,56
366062,married,parttime,tenant,160000,61000,0,0,60,1000,0,0,55
366063,married,fixed,tenant,135000,74000,450,0,36,240,0,1,84
366064,single,fixed,tenant,120000,47000,0,0,60,1000,0,1,59
366065,single,fixed,owner,135000,35000,8000,0,36,750,0,1,59
366066,married,freelance,owner,74000,45000,3500,0,36,600,1,0,66
366067,married,fixed,owner,209000,75000,11000,0,60,1800,0,1,62
366068,single,fixed,tenant,100000,45000,0,0,18,450,0,1,80
366069,single,freelance,tenant,148000,50000,0,0,24,700,1,0,62
366070,married,fixed,tenant,130000,45000,0,0,60,2047,0,1,44
366071,single,fixed,tenant,101000,45000,0,0,60,1300,0,1,67
366072,single,parttime,tenant,49000,35000,0,0,36,750,0,0,55
366073,married,fixed,tenant,200000,80000,15000,0,30,520,0,1,80
366074,married,freelance,tenant,94000,75000,0,0,36,775,1,0,30
366075,single,parttime,tenant,114000,86000,3500,0,36,400,0,0,50
366076,married,freelance,tenant,53000,80000,0,0,24,600,1,0,54
366077,single,fixed,owner,132000,35000,3500,0,12,300,0,1,77
366078,married,freelance,owner,42000,45000,4000,0,60,500,1,0,71
366079,single,fixed,tenant,90000,35000,0,0,36,1000,0,1,54
366080,married,freelance,owner,606000,60000,6000,0,24,1550,1,0,87
366081,married,fixed,tenant,141000,74000,0,0,48,1150,0,1,55
366082,married,fixed,owner,141000,75000,4000,0,60,1300,0,1,68
366083,married,fixed,tenant,68000,75000,0,0,36,2375,0,1,39
366084,married,freelance,owner,150000,60000,10000,0,36,1000,1,0,70
366085,married,fixed,owner,165000,45000,3000,0,24,250,0,1,60
366086,married,freelance,tenant,70000,75000,4000,0,60,1000,1,0,48
366087,single,fixed,tenant,70000,42000,0,0,24,125,0,1,79
366088,single,fixed,owner,60000,35000,8000,1000,48,1200,0,1,68
366089,married,freelance,tenant,241000,84000,10000,0,36,3800,1,0,36
366090,married,fixed,tenant,426000,103000,0,0,12,350,0,1,68
366091,single,freelance,tenant,53000,35000,0,0,60,2000,1,0,30
366092,single,freelance,tenant,74000,35000,18000,0,12,600,1,0,43
366093,married,fixed,owner,180000,135000,13500,0,60,900,0,1,98
366094,married,fixed,owner,154000,60000,4000,130,36,700,0,1,92
366095,married,fixed,owner,63000,60000,5000,3000,60,1400,0,1,64
366096,married,fixed,owner,289000,90000,7000,250,60,1200,0,1,77
366097,single,fixed,owner,190000,45000,12000,0,36,2100,0,1,50
366098,married,fixed,tenant,147000,75000,0,0,60,1300,0,1,58
366099,married,fixed,owner,198000,105000,3500,250,60,1000,0,1,78
366100,single,freelance,tenant,400000,75000,0,0,24,750,1,0,66
366101,married,parttime,tenant,130000,58000,0,0,60,1450,0,0,28
366102,married,freelance,owner,140000,60000,29000,0,60,3900,1,0,31
366103,married,fixed,tenant,100000,60000,0,0,60,950,0,1,66
366104,married,freelance,owner,143000,90000,7000,0,24,700,1,0,77
366105,married,fixed,tenant,87000,54000,0,0,36,500,0,1,64
366106,married,fixed,tenant,171000,62000,0,0,60,1000,0,1,55
366107,married,fixed,owner,203000,75000,4000,0,36,1050,0,1,71
366108,married,fixed,owner,154000,60000,5500,0,18,500,0,1,86
366109,married,fixed,owner,130000,45000,7000,0,12,200,0,1,74
366110,single,fixed,tenant,90000,35000,3500,0,48,1000,0,1,50
366111,single,fixed,tenant,92000,35000,0,0,60,1030,0,1,55
366112,married,freelance,tenant,22000,75000,0,0,36,375,1,0,40
366113,married,fixed,owner,210000,75000,4000,0,48,1800,0,1,85
366114,married,fixed,owner,115000,45000,4000,0,24,500,0,1,85
366115,single,fixed,tenant,80000,35000,0,0,18,600,0,1,51
366116,single,fixed,tenant,110000,35000,0,0,60,860,0,1,56
366117,married,freelance,owner,86000,75000,5000,0,24,900,1,0,58
366118,married,freelance,owner,117000,60000,3000,0,60,1200,1,0,58
366119,married,fixed,tenant,138000,90000,3500,606,42,1400,0,1,34
366120,married,fixed,owner,88000,45000,4000,0,60,850,0,1,79
366121,married,fixed,tenant,54000,60000,0,0,12,600,0,1,77
366122,married,freelance,tenant,166000,77000,10000,0,18,900,1,0,63
366123,married,fixed,owner,364000,75000,60000,0,60,1300,0,1,106
366124,married,freelance,owner,65000,75000,10500,1500,48,1500,1,0,78
366125,married,freelance,owner,109000,45000,17000,0,60,2000,1,0,63
366126,single,fixed,tenant,57000,35000,0,0,36,380,0,1,79
366127,single,fixed,tenant,99000,45000,0,0,48,750,0,1,73
366128,married,fixed,tenant,227000,45000,0,0,48,1150,0,1,70
366129,single,fixed,owner,57000,35000,1500,0,60,700,0,1,61
366130,single,parttime,tenant,80000,35000,0,0,24,150,0,0,48
366131,single,fixed,tenant,70000,42000,0,0,36,850,0,1,61
366132,married,fixed,tenant,105000,86000,0,0,48,1300,0,1,48
366133,single,fixed,tenant,65000,35000,0,0,48,900,0,1,45
366134,married,freelance,owner,45000,75000,10000,0,48,2000,1,0,69
366135,single,fixed,tenant,72000,35000,5500,0,48,1000,0,1,35
366136,married,fixed,tenant,80000,60000,0,0,36,1450,0,1,56
366137,married,freelance,owner,157000,60000,15000,0,48,1990,1,0,72
366138,married,fixed,owner,117000,60000,3000,0,36,825,0,1,65
366139,married,fixed,tenant,100000,55000,0,0,36,300,0,1,53
366140,married,fixed,tenant,130000,60000,3000,2000,12,380,0,1,73
366141,married,freelance,owner,91000,75000,17000,0,12,700,1,0,71
366142,married,freelance,owner,67000,60000,40000,0,12,700,1,0,87
366143,married,fixed,tenant,69000,90000,0,0,60,1450,0,1,28
366144,married,fixed,owner,113000,75000,3000,600,54,1650,0,1,69
366145,married,fixed,owner,450000,75000,12000,0,48,1030,0,1,107
366146,single,fixed,tenant,50000,35000,0,0,48,1000,0,1,69
366147,single,freelance,owner,450000,35000,31000,0,48,1500,1,0,67
366148,married,parttime,tenant,87000,75000,1500,0,36,300,0,0,65
366149,married,fixed,owner,180000,45000,2500,300,60,1300,0,1,73
366150,married,fixed,tenant,132000,58000,0,0,60,1275,0,1,67
366151,married,fixed,owner,150000,75000,7000,600,36,650,0,1,98
366152,married,freelance,tenant,189000,94000,15000,1500,36,1500,1,0,62
366153,married,fixed,tenant,125000,88000,0,0,48,1100,0,1,36
366154,single,fixed,tenant,64000,35000,0,0,36,600,0,1,62
366155,married,fixed,tenant,145000,105000,0,0,36,1000,0,1,48
366156,single,fixed,tenant,67000,42000,0,0,36,1000,0,1,56
366157,married,parttime,owner,127000,45000,4500,3000,36,600,0,0,49
366158,married,freelance,owner,160000,75000,10000,0,48,1150,1,0,60
366159,married,fixed,owner,63000,45000,3000,0,60,1100,0,1,60
366160,single,fixed,owner,60000,45000,2000,0,36,525,0,1,79
366161,single,fixed,tenant,67000,42000,0,0,60,900,0,1,64
366162,married,fixed,owner,88000,75000,6000,400,48,1200,0,1,87
366163,married,parttime,tenant,170000,77000,0,0,48,1300,0,0,59
366164,married,freelance,tenant,145000,60000,5000,0,60,1300,1,0,63
366165,single,fixed,tenant,60000,35000,0,0,42,1200,0,1,28
366166,married,fixed,owner,92000,45000,6000,2400,12,100,0,1,92
366167,married,fixed,tenant,195000,60000,4000,0,60,1900,0,1,60
366168,married,fixed,tenant,80000,68000,0,0,36,325,0,1,67
366169,single,freelance,owner,184000,35000,80000,30000,36,750,1,0,31
366170,single,fixed,tenant,42000,35000,0,0,42,800,0,1,56
366171,single,fixed,tenant,125000,35000,0,0,36,1000,0,1,52
366172,married,fixed,tenant,161000,91000,5000,0,48,800,0,1,80
366173,single,parttime,tenant,117000,35000,4000,0,24,1000,0,0,64
366174,married,freelance,owner,164000,60000,4000,0,18,550,1,0,74
366175,single,fixed,tenant,75000,35000,0,0,60,1000,0,1,57
366176,married,fixed,tenant,85000,75000,700,0,18,400,0,1,69
366177,single,fixed,tenant,120000,47000,0,0,60,1100,0,1,75
366178,single,fixed,tenant,240000,59000,0,0,48,1300,0,1,73
366179,married,freelance,owner,250000,60000,9000,3400,60,1250,1,0,85
366180,married,freelance,owner,78000,60000,3500,0,60,1250,1,0,67
366181,married,fixed,owner,102000,60000,2500,1300,18,450,0,1,68
366182,married,fixed,owner,152000,45000,7500,0,48,1100,0,1,56
366183,married,fixed,tenant,96000,75000,4000,0,24,580,0,1,68
366184,single,fixed,tenant,92000,35000,0,0,60,1000,0,1,40
366185,married,fixed,tenant,199000,45000,0,0,60,1500,0,1,48
366186,married,parttime,owner,71000,75000,14000,0,48,1100,0,0,73
366187,single,fixed,owner,80000,45000,4000,0,60,1060,0,1,72
366188,married,fixed,tenant,190000,60000,0,0,42,1100,0,1,73
366189,married,freelance,owner,200000,75000,10000,0,36,700,1,0,93
366190,married,fixed,tenant,140000,90000,3000,500,12,400,0,1,59
366191,married,fixed,tenant,140000,59000,0,0,48,1000,0,1,68
366192,married,fixed,owner,114000,90000,5000,1500,36,1000,0,1,73
366193,single,fixed,tenant,140000,35000,0,0,48,1400,0,1,59
366194,married,fixed,tenant,140000,45000,0,0,60,1150,0,1,64
366195,married,fixed,owner,90000,45000,2500,0,48,1000,0,1,55
366196,married,fixed,owner,424000,75000,9500,700,36,1000,0,1,103
366197,married,parttime,tenant,155000,61000,0,0,60,1035,0,0,55
366198,married,freelance,owner,239000,75000,6000,0,60,1650,1,0,44
366199,married,fixed,tenant,175000,78000,0,0,60,1000,0,1,61
366200,married,freelance,tenant,180000,90000,0,0,24,450,1,0,75
366201,married,fixed,owner,50000,60000,5000,400,36,300,0,1,73
366202,married,fixed,owner,113000,45000,3500,0,36,1200,0,1,67
366203,single,fixed,tenant,100000,45000,0,0,48,1400,0,1,44
366204,married,fixed,tenant,122000,75000,0,0,60,1600,0,1,32
366205,married,freelance,owner,905000,90000,20000,15000,60,1200,1,0,76
366206,single,fixed,tenant,52000,35000,0,0,36,1000,0,1,65
366207,married,fixed,owner,157000,75000,3500,1800,60,1300,0,1,71
366208,married,freelance,owner,400000,120000,6000,2700,24,600,1,0,77
366209,married,fixed,tenant,157000,91000,0,0,48,1300,0,1,54
366210,married,freelance,tenant,114000,60000,0,0,60,1000,1,0,59
366211,married,fixed,owner,120000,45000,5000,2000,60,1570,0,1,60
366212,married,fixed,tenant,162000,91000,0,0,60,1000,0,1,68
366213,married,freelance,owner,184000,45000,16000,3648,48,400,1,0,88
366214,married,freelance,tenant,198000,45000,0,0,24,800,1,0,66
366215,married,freelance,owner,78000,45000,11000,0,36,500,1,0,64
366216,married,parttime,tenant,195000,80000,0,0,36,600,0,0,59
366217,single,fixed,tenant,400000,75000,0,0,60,1450,0,1,70
366218,married,freelance,tenant,74000,45000,0,0,36,500,1,0,67
366219,married,fixed,tenant,166000,62000,0,0,24,500,0,1,74
366220,married,fixed,owner,135000,60000,4000,0,48,1170,0,1,94
366221,married,fixed,owner,204000,75000,5000,0,60,1400,0,1,73
366222,married,fixed,owner,155000,75000,3000,1000,36,400,0,1,74
366223,married,fixed,owner,120000,45000,3000,1100,36,1750,0,1,88
366224,single,fixed,tenant,130000,35000,6000,0,60,625,0,1,55
366225,married,freelance,owner,356000,90000,5000,800,18,700,1,0,87
366226,married,fixed,tenant,230000,90000,0,0,60,800,0,1,74
366227,married,fixed,owner,100000,45000,5500,108,48,700,0,1,72
366228,married,fixed,owner,130000,60000,3500,0,60,1400,0,1,70
366229,single,fixed,owner,145000,60000,4500,0,60,1100,0,1,52
366230,married,parttime,tenant,81000,98000,0,0,18,300,0,0,37
366231,married,fixed,owner,136000,60000,7000,0,60,1000,0,1,88
366232,married,fixed,owner,200000,75000,5000,2500,60,1550,0,1,74
366233,single,freelance,owner,184000,35000,9000,0,36,500,1,0,48
366234,married,fixed,tenant,157000,76000,0,0,42,800,0,1,75
366235,single,parttime,tenant,76000,45000,0,0,48,1640,0,0,37
366236,married,freelance,owner,200000,45000,6000,1500,60,1600,1,0,60
366237,single,fixed,tenant,128000,35000,0,0,12,300,0,1,67
366238,married,fixed,owner,90000,90000,1500,0,18,400,0,1,90
366239,single,parttime,tenant,41000,39000,0,0,48,1300,0,0,23
366240,married,fixed,owner,125000,45000,6000,0,48,350,0,1,76
366241,single,freelance,tenant,100000,35000,0,0,36,1950,1,0,42
366242,married,fixed,owner,250000,120000,18000,0,60,450,0,1,99
366243,single,fixed,tenant,47000,35000,0,0,36,500,0,1,34
366244,married,parttime,tenant,57000,45000,0,0,24,500,0,0,32
366245,married,fixed,owner,78000,90000,6000,2700,12,300,0,1,61
366246,married,fixed,tenant,100000,85000,0,0,36,2100,0,1,58
366247,married,fixed,owner,102000,60000,3500,0,60,1175,0,1,64
366248,married,fixed,tenant,133000,58000,0,0,60,400,0,1,57
366249,single,freelance,tenant,104000,60000,5000,0,48,1300,1,0,66
366250,married,freelance,owner,1000,75000,16000,0,60,1150,1,0,64
366251,single,freelance,tenant,500000,35000,0,0,48,1300,1,0,66
366252,single,fixed,tenant,100000,70000,0,0,60,1300,0,1,66
366253,single,fixed,owner,150000,35000,6000,0,60,1580,0,1,58
366254,single,parttime,tenant,115000,35000,0,0,60,1400,0,0,51
366255,married,freelance,owner,38000,90000,2800,0,48,1050,1,0,70
366256,married,parttime,tenant,67000,67000,0,0,36,775,0,0,53
366257,married,parttime,tenant,123000,72000,0,0,60,1030,0,0,29
366258,married,fixed,owner,85000,45000,3000,0,60,1500,0,1,82
366259,single,fixed,owner,60000,60000,4000,3378,60,1400,0,1,32
366260,married,parttime,owner,82000,90000,3500,1000,60,1300,0,0,68
366261,single,fixed,owner,345000,35000,18000,0,36,2000,0,1,68
366262,married,parttime,tenant,142000,60000,0,0,36,1000,0,0,36
366263,married,freelance,owner,107000,60000,17000,0,24,800,1,0,73
366264,married,fixed,owner,161000,90000,8000,470,60,1200,0,1,90
366265,single,parttime,tenant,63000,35000,0,0,60,900,0,0,37
366266,single,fixed,owner,79000,35000,4000,0,24,1000,0,1,71
366267,married,fixed,tenant,93000,90000,8000,0,60,1300,0,1,77
366268,married,fixed,owner,137000,45000,6000,0,36,1000,0,1,94
366269,married,fixed,tenant,74000,60000,1500,0,60,870,0,1,44
366270,married,fixed,owner,131000,60000,3000,0,48,770,0,1,77
366271,single,fixed,owner,113000,45000,14000,0,48,1300,0,1,71
366272,married,freelance,owner,30000,45000,6000,0,60,1000,1,0,59
366273,married,fixed,tenant,154000,75000,4000,125,30,850,0,1,67
366274,married,fixed,owner,164000,75000,5000,0,24,600,0,1,95
366275,married,fixed,owner,84000,75000,3000,144,36,475,0,1,69
366276,married,fixed,owner,199000,45000,6500,3000,60,1400,0,1,89
366277,single,fixed,tenant,120000,35000,0,0,48,1100,0,1,47
366278,married,fixed,tenant,234000,45000,0,0,60,610,0,1,53
366279,married,fixed,owner,275000,90000,25000,1000,48,1800,0,1,74
366280,married,freelance,owner,250000,75000,7000,1000,48,1600,1,0,87
366281,single,fixed,tenant,110000,46000,0,0,48,900,0,1,57
366282,married,freelance,owner,65000,45000,4000,0,60,1400,1,0,66
366283,married,freelance,tenant,200000,95000,5000,0,36,800,1,0,69
366284,married,parttime,tenant,300000,120000,8000,2000,48,1500,0,0,31
366285,married,fixed,owner,58000,75000,2000,0,24,175,0,1,71
366286,married,freelance,owner,99000,75000,10000,0,60,900,1,0,68
366287,married,fixed,owner,139000,75000,2000,80,48,460,0,1,87
366288,married,fixed,owner,208000,45000,11500,0,48,1000,0,1,96
366289,married,fixed,tenant,99000,45000,0,0,12,250,0,1,77
366290,married,freelance,tenant,54000,45000,0,0,60,1000,1,0,53
366291,married,fixed,tenant,140000,60000,4000,1680,60,400,0,1,68
366292,single,fixed,tenant,78000,35000,0,0,48,1000,0,1,53
366293,married,fixed,owner,79000,60000,3500,0,60,700,0,1,91
366294,married,parttime,owner,80000,45000,500,0,36,950,0,0,55
366295,married,freelance,owner,85000,60000,6000,0,60,1200,1,0,80
366296,married,fixed,tenant,121000,57000,0,0,42,750,0,1,57
366297,married,freelance,owner,250000,90000,13500,0,36,1900,1,0,68
366298,married,fixed,owner,104000,45000,6500,0,48,1150,0,1,78
366299,married,freelance,owner,78000,45000,3500,0,48,1100,1,0,83
366300,single,fixed,tenant,157000,45000,4000,0,48,1450,0,1,63
366301,married,fixed,tenant,192000,94000,0,0,48,1350,0,1,67
366302,single,fixed,tenant,103000,60000,0,0,48,500,0,1,75
366303,married,fixed,tenant,75000,45000,0,0,60,1175,0,1,59
366304,married,fixed,tenant,177000,53000,0,0,60,1900,0,1,50
366305,single,fixed,tenant,75000,35000,0,0,36,690,0,1,60
366306,married,fixed,owner,210000,75000,3500,0,18,800,0,1,89
366307,married,freelance,owner,54000,35000,10000,0,24,600,1,0,74
366308,married,fixed,owner,105000,75000,5000,0,60,1000,0,1,91
366309,single,parttime,tenant,68000,35000,1500,0,36,500,0,0,60
366310,single,parttime,tenant,50000,35000,50000,0,24,900,0,0,73
366311,married,fixed,tenant,128000,58000,0,0,60,800,0,1,72
366312,married,freelance,owner,93000,60000,6000,3000,60,850,1,0,76
366313,single,freelance,owner,134000,60000,21000,0,12,1800,1,0,46
366314,married,freelance,owner,189000,60000,3500,0,60,1600,1,0,85
366315,married,fixed,tenant,139000,74000,0,0,54,900,0,1,67
366316,married,fixed,owner,125000,60000,5000,0,60,1500,0,1,81
366317,married,fixed,tenant,100000,75000,0,0,60,1150,0,1,74
366318,single,parttime,tenant,50000,35000,0,0,48,1000,0,0,45
366319,married,freelance,owner,155000,60000,6000,0,30,500,1,0,79
366320,married,parttime,tenant,128000,60000,4000,0,24,400,0,0,46
366321,married,freelance,owner,195000,60000,4500,0,36,1000,1,0,72
366322,married,freelance,owner,183000,75000,5000,0,48,1200,1,0,64
366323,married,fixed,tenant,160000,75000,0,0,60,1300,0,1,61
366324,married,fixed,tenant,160000,60000,0,0,36,550,0,1,53
366325,single,fixed,tenant,75000,35000,27000,0,48,1300,0,1,55
366326,married,fixed,tenant,214000,60000,0,0,60,1700,0,1,30
366327,married,freelance,tenant,77000,75000,8000,0,36,900,1,0,51
366328,married,fixed,tenant,207000,81000,20000,0,30,700,0,1,65
366329,married,fixed,owner,180000,75000,3500,1200,48,700,0,1,83
366330,married,fixed,owner,132000,75000,4000,0,24,400,0,1,83
366331,married,parttime,owner,128000,45000,4500,0,60,1250,0,0,62
366332,married,fixed,tenant,96000,85000,4000,850,60,1100,0,1,58
366333,married,fixed,tenant,70000,60000,0,0,60,1500,0,1,59
366334,married,fixed,tenant,125000,88000,0,0,60,1450,0,1,64
366335,married,parttime,owner,81000,60000,5000,0,60,1540,0,0,56
366336,married,freelance,owner,150000,90000,4500,3000,36,400,1,0,51
366337,married,fixed,tenant,175000,78000,0,0,36,1000,0,1,58
366338,married,freelance,tenant,112000,86000,0,0,48,1000,1,0,66
366339,married,fixed,owner,80000,60000,3000,0,36,600,0,1,95
366340,married,freelance,owner,73000,45000,5000,0,36,430,1,0,76
366341,married,freelance,tenant,164000,105000,0,0,60,480,1,0,63
366342,married,fixed,tenant,186000,60000,8000,4000,60,1250,0,1,68
366343,married,freelance,owner,391000,45000,6500,420,48,2000,1,0,61
366344,married,parttime,owner,80000,45000,4000,0,48,800,0,0,66
366345,married,freelance,owner,280000,105000,20000,0,48,800,1,0,98
366346,single,fixed,tenant,136000,49000,0,0,36,800,0,1,57
366347,married,fixed,tenant,70000,75000,0,0,36,450,0,1,54
366348,married,fixed,tenant,199000,75000,4600,0,48,1600,0,1,37
366349,married,parttime,tenant,150000,60000,0,0,48,1300,0,0,33
366350,married,freelance,tenant,140000,74000,2000,0,60,800,1,0,47
366351,single,fixed,tenant,175000,45000,7500,0,60,1500,0,1,58
366352,married,freelance,owner,125000,45000,3000,0,60,1500,1,0,54
366353,single,fixed,tenant,78000,35000,0,0,48,500,0,1,78
366354,married,fixed,owner,75000,45000,3500,0,36,670,0,1,86
366355,single,fixed,owner,210000,35000,6500,1500,48,1650,0,1,69
366356,married,freelance,owner,125000,60000,6000,0,36,500,1,0,84
366357,married,freelance,tenant,174000,45000,0,0,48,1100,1,0,57
366358,married,freelance,tenant,100000,70000,2000,0,60,1100,1,0,56
366359,married,fixed,tenant,100000,75000,2000,192,60,1400,0,1,75
366360,single,freelance,tenant,131000,35000,0,0,12,675,1,0,70
366361,single,fixed,tenant,110000,35000,0,0,30,700,0,1,72
366362,married,freelance,owner,180000,75000,1600,0,48,1450,1,0,69
366363,married,fixed,tenant,79000,83000,0,0,48,1200,0,1,44
366364,married,fixed,owner,183000,75000,8000,0,60,1170,0,1,55
366365,married,freelance,owner,205000,60000,13600,4500,36,450,1,0,59
366366,married,fixed,owner,118000,60000,6000,800,60,900,0,1,71
366367,single,fixed,tenant,117000,35000,0,0,60,1000,0,1,49
366368,single,fixed,tenant,135000,35000,0,0,12,1000,0,1,49
366369,married,freelance,owner,113000,90000,3000,750,48,1200,1,0,74
366370,single,fixed,tenant,60000,35000,0,0,60,1100,0,1,67
366371,single,parttime,tenant,85000,44000,0,0,36,375,0,0,49
366372,married,fixed,owner,135000,45000,5000,0,60,1000,0,1,92
366373,married,fixed,owner,146000,60000,3500,0,36,1600,0,1,66
366374,single,freelance,tenant,150000,50000,0,0,48,1100,1,0,43
366375,married,freelance,owner,114000,75000,4000,0,36,1000,1,0,72
366376,married,freelance,tenant,124000,75000,1200,0,60,1150,1,0,62
366377,married,fixed,tenant,110000,90000,4500,1500,60,750,0,1,49
366378,married,parttime,owner,132000,45000,3500,0,48,1000,0,0,42
366379,married,fixed,tenant,177000,60000,0,0,24,500,0,1,55
366380,married,freelance,owner,74000,75000,4000,0,36,500,1,0,70
366381,single,fixed,tenant,112000,46000,0,0,6,200,0,1,74
366382,married,freelance,tenant,125000,75000,11000,0,36,2500,1,0,22
366383,single,fixed,tenant,220000,35000,0,0,60,1600,0,1,68
366384,single,fixed,tenant,96000,35000,0,0,60,1300,0,1,49
366385,single,fixed,tenant,100000,35000,0,0,60,1250,0,1,58
366386,married,freelance,owner,200000,75000,17000,3000,12,1250,1,0,68
366387,married,fixed,owner,100000,75000,6500,2000,48,1000,0,1,68
366388,single,fixed,tenant,196000,55000,0,0,36,1200,0,1,67
366389,married,fixed,owner,152000,45000,4000,1200,60,950,0,1,86
366390,married,freelance,tenant,86000,54000,0,0,36,500,1,0,59
366391,married,fixed,owner,113000,45000,7100,0,24,1800,0,1,71
366392,married,fixed,owner,200000,75000,5000,0,36,1000,0,1,82
366393,single,fixed,tenant,150000,35000,0,0,60,1400,0,1,50
366394,married,fixed,owner,95000,45000,3000,0,36,1000,0,1,90
366395,married,fixed,tenant,160000,60000,3000,1000,36,700,0,1,64
366396,married,fixed,tenant,122000,75000,0,0,60,1385,0,1,58
366397,married,fixed,owner,450000,90000,8000,1800,48,1000,0,1,96
366398,married,fixed,tenant,127000,73000,0,0,60,1400,0,1,45
366399,single,parttime,tenant,51000,40000,0,0,36,500,0,0,39
366400,married,freelance,owner,70000,75000,7000,0,36,1000,1,0,59
366401,single,parttime,tenant,70000,35000,3500,350,36,375,0,0,65
366402,married,fixed,tenant,213000,66000,0,0,36,1000,0,1,64
366403,married,fixed,tenant,70000,52000,0,0,48,800,0,1,55
366404,single,fixed,tenant,280000,35000,0,0,48,1300,0,1,63
366405,married,fixed,owner,195000,90000,12000,0,60,1500,0,1,79
366406,single,freelance,tenant,56000,35000,7000,0,48,700,1,0,66
366407,married,parttime,owner,138000,60000,20000,0,60,1000,0,0,83
366408,married,fixed,tenant,205000,96000,3500,0,60,1400,0,1,64
366409,married,fixed,tenant,137000,59000,0,0,48,800,0,1,59
366410,single,fixed,tenant,79000,35000,0,0,48,650,0,1,64
366411,single,fixed,tenant,95000,45000,0,0,60,940,0,1,55
366412,married,fixed,owner,80000,35000,3000,0,48,1150,0,1,73
366413,married,fixed,tenant,134000,45000,2000,0,60,1100,0,1,75
366414,single,fixed,tenant,65000,35000,0,0,36,1000,0,1,57
366415,married,fixed,owner,159000,75000,11000,0,30,1280,0,1,87
366416,married,freelance,owner,40000,45000,17000,0,24,400,1,0,88
366417,married,freelance,owner,70000,75000,4600,0,24,500,1,0,85
366418,married,fixed,owner,115000,60000,3000,0,60,800,0,1,73
366419,married,fixed,tenant,67000,67000,0,0,48,970,0,1,58
366420,married,fixed,tenant,102000,60000,0,0,36,900,0,1,60
366421,married,fixed,owner,125000,60000,2500,0,60,1100,0,1,70
366422,married,freelance,owner,180000,75000,12000,0,24,1000,1,0,77
366423,married,fixed,tenant,240000,60000,0,0,36,1510,0,1,54
366424,married,freelance,owner,250000,90000,16000,2000,48,1500,1,0,78
366425,married,freelance,tenant,54000,45000,0,0,48,700,1,0,53
366426,married,fixed,tenant,170000,77000,0,0,48,887,0,1,63
366427,single,fixed,tenant,116000,47000,0,0,36,1300,0,1,47
366428,married,freelance,owner,225000,45000,25000,0,24,1300,1,0,95
366429,married,freelance,tenant,54000,50000,3000,0,36,550,1,0,62
366430,single,fixed,tenant,124000,47000,0,0,48,1500,0,1,54
366431,single,fixed,owner,123000,35000,7500,0,48,800,0,1,57
366432,married,fixed,tenant,95000,60000,4000,0,36,500,0,1,51
366433,married,fixed,tenant,160000,75000,0,0,48,1350,0,1,58
366434,married,fixed,owner,115000,60000,4000,800,60,2250,0,1,66
366435,married,fixed,owner,218000,75000,3000,10,48,1400,0,1,76
366436,married,freelance,owner,301000,90000,2000,0,60,1100,1,0,88
366437,married,fixed,owner,293000,45000,12000,0,48,500,0,1,109
366438,married,fixed,owner,128000,75000,3500,100,60,400,0,1,86
366439,single,freelance,tenant,64000,35000,3000,0,12,600,1,0,50
366440,married,freelance,tenant,25000,48000,0,0,60,1700,1,0,31
366441,married,fixed,tenant,96000,75000,6000,3000,48,1200,0,1,60
366442,single,fixed,owner,98000,45000,4000,0,36,200,0,1,76
366443,married,fixed,tenant,55000,81000,1500,0,48,1300,0,1,68
366444,married,parttime,tenant,154000,60000,0,0,48,1870,0,0,34
366445,married,fixed,owner,105000,60000,3500,0,48,1000,0,1,80
366446,married,freelance,tenant,117000,102000,0,0,36,475,1,0,42
366447,single,fixed,tenant,318000,35000,105,0,48,740,0,1,61
366448,married,parttime,owner,219000,45000,6000,0,24,600,0,0,81
366449,married,fixed,owner,102000,60000,3500,1500,60,1400,0,1,74
366450,single,fixed,tenant,250000,60000,0,0,48,1300,0,1,65
366451,married,freelance,owner,107000,60000,18000,1700,48,800,1,0,77
366452,single,fixed,tenant,60000,35000,0,0,30,600,0,1,63
366453,married,fixed,tenant,83000,68000,40000,0,24,1300,0,1,80
366454,single,fixed,tenant,93000,44000,0,0,60,1100,0,1,70
366455,single,fixed,tenant,105000,35000,0,0,60,1100,0,1,51
366456,single,fixed,tenant,70000,35000,0,0,36,700,0,1,52
366457,married,fixed,owner,117000,60000,6000,0,60,1500,0,1,65
366458,single,freelance,tenant,183000,53000,93000,0,24,1900,1,0,67
366459,single,fixed,tenant,120000,35000,5500,1200,60,1170,0,1,52
366460,married,fixed,owner,90000,45000,27000,0,36,600,0,1,96
366461,married,freelance,owner,104000,60000,5500,1000,60,1100,1,0,78
366462,married,fixed,tenant,200000,75000,0,0,36,1000,0,1,62
366463,married,fixed,owner,74000,75000,3500,500,60,1700,0,1,46
366464,married,fixed,owner,313000,60000,7500,2000,60,2180,0,1,71
366465,married,fixed,owner,197000,45000,8000,300,36,1590,0,1,80
366466,married,fixed,owner,320000,60000,4000,0,30,700,0,1,80
366467,single,fixed,tenant,210000,35000,0,0,60,1200,0,1,69
366468,married,freelance,owner,40000,60000,12000,0,48,1000,1,0,63
366469,married,freelance,owner,250000,45000,80000,0,60,1700,1,0,85
366470,single,fixed,tenant,110000,35000,3500,0,60,1300,0,1,56
366471,married,fixed,tenant,134000,45000,4200,2000,48,700,0,1,53
366472,single,freelance,owner,19000,35000,5500,1500,36,425,1,0,56
366473,single,freelance,tenant,131000,35000,7500,0,36,1350,1,0,67
366474,married,fixed,owner,260000,75000,3000,0,36,1200,0,1,96
366475,married,fixed,tenant,100000,70000,0,0,36,900,0,1,49
366476,single,fixed,owner,101000,35000,2000,0,48,1000,0,1,58
366477,married,freelance,owner,69000,45000,10000,0,60,1500,1,0,77
366478,married,freelance,tenant,52000,50000,25000,0,36,1000,1,0,64
366479,single,fixed,tenant,128000,45000,0,0,36,525,0,1,51
366480,married,fixed,owner,122000,75000,4000,0,60,1400,0,1,90
366481,single,parttime,tenant,150000,45000,0,0,36,450,0,0,60
366482,married,fixed,tenant,211000,81000,0,0,60,1475,0,1,67
366483,married,fixed,tenant,109000,86000,0,0,60,830,0,1,70
366484,married,fixed,owner,139000,60000,5000,0,48,1000,0,1,70
366485,married,fixed,tenant,140000,59000,0,0,60,1400,0,1,74
366486,single,fixed,tenant,88000,35000,25000,0,48,1100,0,1,56
366487,single,fixed,tenant,60000,35000,0,0,48,1000,0,1,72
366488,single,freelance,tenant,39000,35000,0,0,60,1000,1,0,47
366489,married,parttime,owner,120000,75000,2000,40,60,1400,0,0,52
366490,married,fixed,owner,161000,60000,5000,0,60,1500,0,1,63
366491,single,fixed,tenant,90000,35000,0,0,60,1000,0,1,59
366492,married,freelance,owner,110000,45000,11500,0,36,700,1,0,66
366493,married,parttime,tenant,60000,81000,0,0,36,450,0,0,45
366494,married,fixed,tenant,154000,75000,0,0,24,750,0,1,35
366495,married,fixed,owner,97000,75000,6500,0,60,1000,0,1,69
366496,married,fixed,tenant,178000,45000,2000,0,12,150,0,1,60
366497,single,fixed,tenant,104000,45000,0,0,36,800,0,1,68
366498,married,freelance,owner,134000,60000,15000,0,36,1000,1,0,66
366499,married,freelance,owner,500000,60000,10000,0,12,1000,1,0,79
366500,married,freelance,owner,132000,45000,2500,0,60,1500,1,0,78
366501,single,freelance,tenant,200000,55000,0,0,24,600,1,0,71
366502,married,freelance,tenant,144000,75000,7600,0,60,1465,1,0,44
366503,married,fixed,tenant,80000,83000,0,0,24,425,0,1,47
366504,married,fixed,owner,137000,90000,3000,1,60,1100,0,1,91
366505,single,fixed,tenant,218000,35000,0,0,60,1100,0,1,65
366506,married,fixed,tenant,129000,75000,3000,29,60,900,0,1,54
366507,married,fixed,tenant,196000,80000,0,0,60,1350,0,1,57
366508,single,freelance,tenant,182000,35000,0,0,48,1100,1,0,50
366509,married,freelance,owner,84000,90000,17000,0,36,700,1,0,67
366510,married,freelance,owner,47000,60000,3000,0,60,820,1,0,56
366511,married,fixed,tenant,325000,78000,18,3000,60,2250,0,1,57
366512,married,fixed,owner,90000,90000,12000,4000,36,700,0,1,73
366513,married,freelance,tenant,92000,84000,0,0,60,1300,1,0,64
366514,married,fixed,tenant,250000,100000,0,0,36,1400,0,1,52
366515,married,freelance,owner,62000,60000,12000,0,60,1000,1,0,63
366516,single,fixed,tenant,146000,35000,0,0,60,1400,0,1,47
366517,single,fixed,tenant,37000,35000,0,0,60,1200,0,1,56
366518,married,fixed,tenant,105000,56000,0,0,48,1000,0,1,50
366519,married,freelance,tenant,100000,75000,4000,1365,36,1220,1,0,40
366520,single,fixed,owner,77000,35000,14000,0,24,200,0,1,70
366521,married,freelance,tenant,154000,75000,0,0,36,1300,1,0,22
366522,single,freelance,owner,54000,45000,7000,0,60,1500,1,0,56
366523,single,fixed,tenant,149000,35000,0,0,60,1500,0,1,49
366524,married,fixed,tenant,56000,45000,0,0,48,770,0,1,64
366525,married,fixed,owner,251000,75000,5500,0,48,1100,0,1,77
366526,married,parttime,owner,65000,75000,5000,0,60,1000,0,0,71
366527,single,parttime,owner,160000,60000,2500,0,48,1220,0,0,33
366528,single,fixed,owner,300000,35000,10000,0,60,1300,0,1,71
366529,single,parttime,tenant,56000,35000,0,0,42,1100,0,0,45
366530,married,fixed,owner,118000,90000,4500,0,60,1200,0,1,66
366531,married,fixed,owner,174000,45000,4000,0,60,2000,0,1,60
366532,single,fixed,tenant,86000,44000,0,0,24,350,0,1,52
366533,married,fixed,tenant,233000,83000,3000,0,48,1250,0,1,57
366534,married,freelance,tenant,285000,89000,0,0,36,1000,1,0,65
366535,married,fixed,tenant,105000,75000,10000,0,60,700,0,1,79
366536,married,fixed,owner,122000,45000,3000,0,60,950,0,1,69
366537,married,freelance,tenant,160000,75000,0,0,60,1200,1,0,62
366538,single,freelance,tenant,209000,35000,0,0,48,1145,1,0,45
366539,married,fixed,owner,160000,45000,4000,2000,36,450,0,1,77
366540,married,freelance,owner,157000,45000,13500,0,36,1000,1,0,51
366541,married,fixed,tenant,65000,90000,3000,0,12,425,0,1,55
366542,married,freelance,owner,225000,90000,9000,0,60,1500,1,0,86
366543,single,parttime,tenant,105000,35000,0,0,36,300,0,0,61
366544,married,fixed,tenant,120000,57000,0,0,36,560,0,1,51
366545,married,fixed,tenant,130000,75000,25000,0,36,350,0,1,68
366546,married,freelance,tenant,154000,90000,0,0,36,1000,1,0,46
366547,married,freelance,tenant,169000,90000,0,0,48,1200,1,0,43
366548,single,fixed,tenant,160000,35000,0,0,48,550,0,1,52
366549,single,parttime,tenant,128000,35000,0,0,60,900,0,0,60
366550,married,fixed,owner,187000,60000,3000,0,60,1300,0,1,64
366551,married,fixed,owner,120000,45000,5000,0,36,1075,0,1,81
366552,single,freelance,owner,200000,35000,4000,0,60,943,1,0,47
366553,married,fixed,owner,142000,45000,6000,3000,18,450,0,1,78
366554,married,fixed,owner,107000,45000,8000,0,48,600,0,1,97
366555,single,fixed,tenant,126000,35000,0,0,48,1300,0,1,31
366556,married,fixed,tenant,144000,59000,0,0,60,1225,0,1,69
366557,married,fixed,tenant,90000,54000,0,0,60,1700,0,1,58
366558,single,parttime,tenant,55000,35000,0,0,60,1350,0,0,39
366559,married,freelance,owner,208000,60000,8500,0,12,400,1,0,87
366560,married,fixed,owner,121000,60000,4500,800,60,1450,0,1,87
366561,married,fixed,tenant,51000,60000,3500,500,60,1000,0,1,64
366562,married,fixed,tenant,148000,45000,0,0,60,1400,0,1,58
366563,married,fixed,tenant,116000,57000,0,0,60,1300,0,1,69
366564,married,fixed,owner,152000,75000,13000,0,36,2700,0,1,76
366565,single,parttime,tenant,118000,35000,0,0,36,1200,0,0,31
366566,married,fixed,owner,80000,75000,2500,0,12,400,0,1,97
366567,single,fixed,tenant,120000,35000,3500,0,12,1000,0,1,68
366568,married,freelance,owner,100000,75000,30000,0,6,600,1,0,76
366569,married,fixed,owner,144000,45000,9000,0,60,1450,0,1,90
366570,married,freelance,owner,90000,45000,3500,0,48,900,1,0,77
366571,married,fixed,owner,150000,45000,3500,0,60,1310,0,1,87
366572,single,parttime,tenant,87000,35000,0,0,48,900,0,0,41
366573,married,freelance,owner,50000,90000,16000,0,24,2750,1,0,56
366574,married,freelance,tenant,104000,75000,4000,1000,60,1275,1,0,50
366575,married,parttime,tenant,250000,85000,5000,0,60,1700,0,0,54
366576,married,parttime,tenant,112000,101000,0,0,48,1550,0,0,23
366577,single,fixed,tenant,121000,47000,0,0,60,1100,0,1,63
366578,single,freelance,tenant,334000,35000,300000,0,24,1318,1,0,87
366579,single,freelance,tenant,52000,35000,9000,2500,36,450,1,0,50
366580,married,fixed,tenant,143000,60000,0,0,60,1150,0,1,73
366581,single,fixed,tenant,250000,35000,8000,0,24,1000,0,1,69
366582,married,freelance,tenant,244000,69000,0,0,18,600,1,0,51
366583,married,freelance,tenant,179000,75000,700,0,60,1800,1,0,39
366584,married,fixed,tenant,194000,75000,3000,100,48,1000,0,1,60
366585,married,freelance,owner,210000,90000,75000,0,36,900,1,0,84
366586,married,fixed,tenant,257000,131000,0,0,60,2200,0,1,27
366587,married,freelance,tenant,91000,75000,0,0,48,400,1,0,56
366588,married,fixed,owner,92000,60000,148,1,24,1650,0,1,78
366589,single,fixed,owner,175000,35000,6000,0,42,1150,0,1,81
366590,married,parttime,owner,90000,75000,3000,0,60,930,0,0,49
366591,married,fixed,owner,171000,60000,7000,0,48,1200,0,1,80
366592,married,freelance,owner,159000,60000,9000,0,36,687,1,0,78
366593,married,fixed,owner,166000,75000,50000,0,18,800,0,1,73
366594,married,fixed,owner,100000,60000,3000,1800,36,500,0,1,76
366595,married,fixed,tenant,100000,45000,1800,1500,36,700,0,1,76
366596,married,fixed,tenant,160000,75000,0,0,60,2000,0,1,48
366597,single,freelance,tenant,59000,35000,0,0,36,500,1,0,57
366598,single,fixed,tenant,142000,35000,3500,0,60,1650,0,1,47
366599,single,fixed,owner,53000,35000,875,325,60,750,0,1,57
366600,married,fixed,owner,305000,75000,8000,0,24,1400,0,1,100
366601,married,fixed,owner,185000,75000,5000,1500,60,1350,0,1,86
366602,married,fixed,tenant,142000,75000,4000,0,60,1300,0,1,46
366603,married,fixed,owner,107000,75000,12000,2000,60,600,0,1,73
366604,married,fixed,owner,153000,60000,3000,0,60,1650,0,1,72
366605,single,fixed,tenant,66000,35000,0,0,60,280,0,1,51
366606,married,fixed,tenant,65000,52000,0,0,60,850,0,1,59
366607,married,freelance,owner,111000,45000,6000,0,36,750,1,0,76
366608,single,freelance,owner,100000,35000,10000,0,60,800,1,0,51
366609,married,fixed,owner,131000,60000,6000,0,24,250,0,1,91
366610,married,fixed,tenant,125000,60000,5000,0,36,400,0,1,61
366611,single,freelance,tenant,110000,35000,8000,2000,60,1550,1,0,42
366612,married,fixed,owner,113000,75000,11000,0,24,370,0,1,98
366613,single,fixed,tenant,80000,35000,0,0,36,600,0,1,55
366614,married,fixed,owner,93000,45000,2500,0,24,600,0,1,87
366615,single,fixed,owner,227000,35000,15000,0,60,1700,0,1,44
366616,single,fixed,tenant,81000,35000,0,0,60,1500,0,1,70
366617,married,fixed,tenant,110000,101000,0,0,60,1150,0,1,52
366618,married,freelance,tenant,44000,60000,8000,0,36,400,1,0,67
366619,married,fixed,owner,175000,75000,12000,0,36,1500,0,1,92
366620,married,freelance,tenant,115000,75000,0,0,18,175,1,0,55
366621,single,parttime,tenant,58000,41000,148,1,24,200,0,0,47
366622,married,fixed,tenant,124000,57000,0,0,60,1530,0,1,73
366623,married,fixed,owner,140000,60000,8000,0,48,1100,0,1,97
366624,single,fixed,owner,117000,35000,4000,0,60,1000,0,1,64
366625,married,fixed,owner,140000,60000,3500,0,48,795,0,1,93
366626,married,fixed,owner,157000,45000,8000,0,36,600,0,1,61
366627,married,freelance,owner,126000,135000,24000,0,36,500,1,0,70
366628,single,freelance,tenant,29000,35000,0,0,60,900,1,0,66
366629,married,fixed,owner,228000,75000,4000,0,36,1200,0,1,67
366630,single,fixed,tenant,50000,35000,0,0,48,1100,0,1,56
366631,married,fixed,tenant,300000,45000,0,0,36,800,0,1,74
366632,single,freelance,tenant,100000,45000,0,0,48,1350,1,0,48
366633,married,fixed,owner,153000,75000,5000,0,18,800,0,1,92
366634,married,freelance,owner,100000,60000,18000,0,48,2500,1,0,52
366635,married,fixed,owner,142000,45000,8000,4000,36,900,0,1,73
366636,single,fixed,tenant,151000,35000,0,0,60,1100,0,1,60
366637,single,fixed,tenant,73000,35000,0,0,30,1086,0,1,52
366638,married,fixed,owner,134000,75000,3500,0,60,1000,0,1,82
366639,married,freelance,owner,125000,60000,10000,3500,60,1200,1,0,67
366640,married,freelance,tenant,160000,76000,0,0,48,1700,1,0,50
366641,single,fixed,owner,120000,35000,4000,0,60,1100,0,1,77
366642,married,fixed,tenant,86000,84000,0,0,60,1350,0,1,44
366643,married,fixed,owner,100000,90000,2000,792,60,1000,0,1,46
366644,married,freelance,owner,190000,75000,4000,0,36,1300,1,0,68
366645,married,fixed,tenant,200000,75000,6000,0,60,1300,0,1,61
366646,married,freelance,owner,109000,60000,10000,0,36,1600,1,0,62
366647,married,fixed,tenant,126000,75000,0,0,36,1000,0,1,65
366648,single,freelance,tenant,43000,35000,0,0,36,875,1,0,47
366649,married,fixed,owner,155000,75000,3000,0,60,1250,0,1,70
366650,married,fixed,tenant,170000,60000,0,0,36,800,0,1,46
366651,married,fixed,owner,200000,75000,5000,0,24,740,0,1,71
366652,married,fixed,owner,87000,75000,3000,0,24,500,0,1,72
366653,married,fixed,tenant,104000,85000,5000,0,48,1700,0,1,57
366654,married,fixed,tenant,102000,45000,148,1,24,700,0,1,64
366655,single,parttime,tenant,101000,45000,4000,0,48,1600,0,0,33
366656,married,fixed,owner,150000,45000,10000,0,60,1000,0,1,79
366657,single,freelance,owner,75000,45000,2500,0,60,1150,1,0,69
366658,single,parttime,tenant,44000,35000,0,0,36,550,0,0,25
366659,married,parttime,tenant,279000,75000,0,0,60,2000,0,0,25
366660,married,fixed,owner,104000,60000,5000,0,60,1000,0,1,84
366661,married,fixed,tenant,165000,60000,8000,0,36,750,0,1,61
366662,married,freelance,tenant,129000,88000,0,0,60,850,1,0,44
366663,married,freelance,tenant,160000,91000,7000,0,60,1600,1,0,42
366664,married,fixed,tenant,198000,95000,0,0,36,575,0,1,56
366665,married,fixed,owner,71000,75000,4000,39,48,660,0,1,76
366666,married,fixed,tenant,162000,91000,3000,0,60,1500,0,1,61
366667,married,fixed,owner,61000,75000,1500,700,60,800,0,1,68
366668,married,fixed,tenant,156000,75000,0,0,60,950,0,1,46
366669,married,freelance,owner,95000,75000,148,1,18,5000,1,0,26
366670,single,fixed,tenant,95000,45000,2500,0,60,1250,0,1,62
366671,married,fixed,owner,200000,45000,3000,0,48,800,0,1,83
366672,married,fixed,owner,158000,75000,4000,1100,48,1250,0,1,75
366673,single,fixed,tenant,110000,35000,0,0,60,1250,0,1,66
366674,married,freelance,tenant,124000,45000,0,0,36,2100,1,0,42
366675,married,fixed,tenant,89000,90000,2000,100,36,250,0,1,80
366676,married,fixed,tenant,68000,67000,0,0,60,1300,0,1,45
366677,married,freelance,tenant,31000,35000,0,0,30,250,1,0,60
366678,married,fixed,tenant,125000,45000,0,0,60,1200,0,1,50
366679,married,parttime,tenant,99000,60000,0,0,36,800,0,0,33
366680,single,fixed,owner,155000,35000,3000,0,60,1250,0,1,59
366681,married,fixed,owner,110000,60000,6500,2000,60,1450,0,1,59
366682,single,parttime,tenant,82000,35000,8000,0,60,1100,0,0,43
366683,married,freelance,owner,129000,90000,3000,0,12,500,1,0,64
366684,single,freelance,tenant,70000,35000,3000,2000,48,1300,1,0,51
366685,married,fixed,tenant,124000,57000,0,0,60,1350,0,1,70
366686,married,fixed,owner,223000,90000,4000,0,60,1660,0,1,78
366687,married,parttime,owner,82000,75000,3000,0,48,1000,0,0,56
366688,married,fixed,owner,100000,75000,12000,0,36,1000,0,1,89
366689,married,freelance,owner,275000,75000,14000,0,18,700,1,0,87
366690,single,parttime,tenant,150000,35000,0,0,18,175,0,0,62
366691,married,fixed,owner,117000,45000,3000,50,36,600,0,1,93
366692,married,freelance,owner,265000,45000,7000,0,12,400,1,0,97
366693,married,fixed,tenant,100000,55000,0,0,36,1000,0,1,56
366694,married,fixed,owner,382000,45000,5000,1000,36,1400,0,1,63
366695,single,fixed,tenant,86000,35000,0,0,60,750,0,1,59
366696,single,freelance,tenant,178000,35000,0,0,48,1200,1,0,59
366697,married,freelance,tenant,70000,60000,15000,2880,60,1150,1,0,54
366698,married,fixed,owner,120000,45000,5000,0,60,1350,0,1,78
366699,single,freelance,owner,100000,35000,12000,0,48,800,1,0,59
366700,married,freelance,owner,85000,60000,15000,0,60,1500,1,0,83
366701,married,fixed,owner,125000,105000,6500,0,60,1500,0,1,61
366702,single,fixed,tenant,60000,41000,0,0,48,800,0,1,51
366703,married,fixed,owner,150000,90000,5000,0,60,850,0,1,72
366704,married,fixed,owner,110000,75000,3500,0,24,500,0,1,71
366705,married,freelance,owner,144000,105000,6000,0,36,2000,1,0,50
366706,married,freelance,owner,122000,75000,3500,2900,60,1400,1,0,51
366707,married,fixed,owner,75000,60000,5500,0,48,1085,0,1,78
366708,married,freelance,tenant,60000,51000,20000,0,12,500,1,0,79
366709,single,fixed,owner,80000,45000,3500,0,12,200,0,1,70
366710,married,fixed,owner,78000,35000,9500,0,60,1400,0,1,69
366711,single,fixed,owner,125000,35000,4000,0,48,1000,0,1,77
366712,married,freelance,owner,141000,45000,20000,0,24,1000,1,0,61
366713,single,fixed,tenant,60000,35000,0,0,48,700,0,1,57
366714,married,fixed,owner,366000,75000,7000,0,54,500,0,1,98
366715,married,fixed,owner,230000,60000,15000,4500,36,1740,0,1,76
366716,married,fixed,tenant,217000,82000,0,0,60,1245,0,1,56
366717,married,fixed,tenant,60000,105000,0,0,48,1500,0,1,63
366718,married,fixed,tenant,101000,85000,6000,0,36,400,0,1,84
366719,married,freelance,tenant,175000,93000,20000,1000,6,500,1,0,70
366720,married,freelance,owner,130000,90000,7000,300,36,800,1,0,78
366721,single,fixed,owner,130000,35000,3000,0,60,700,0,1,59
366722,single,freelance,tenant,201000,35000,0,0,48,1800,1,0,43
366723,single,fixed,tenant,97000,55000,7000,5000,60,1900,0,1,26
366724,single,freelance,tenant,70000,35000,0,0,12,350,1,0,51
366725,married,fixed,owner,126000,75000,8000,0,36,2000,0,1,89
366726,single,parttime,tenant,56000,35000,0,0,36,500,0,0,55
366727,married,fixed,owner,153000,60000,4500,400,18,600,0,1,61
366728,married,freelance,tenant,150000,120000,0,0,36,800,1,0,47
366729,married,freelance,tenant,208000,81000,2000,0,6,800,1,0,47
366730,married,fixed,owner,248000,60000,10000,0,60,1400,0,1,61
366731,married,fixed,owner,123000,60000,8000,2100,36,800,0,1,92
366732,married,freelance,owner,68000,75000,9000,3000,36,850,1,0,85
366733,married,fixed,tenant,250000,85000,0,0,12,500,0,1,57
366734,married,fixed,owner,165000,75000,4000,0,12,300,0,1,82
366735,married,parttime,tenant,130000,58000,0,0,60,1500,0,0,22
366736,married,freelance,owner,185000,45000,60000,0,24,1400,1,0,57
366737,married,fixed,tenant,83000,75000,7000,0,36,675,0,1,69
366738,married,freelance,tenant,123000,90000,0,0,48,600,1,0,65
366739,married,freelance,owner,192000,75000,11600,0,24,750,1,0,70
366740,married,fixed,owner,190000,60000,5000,0,36,600,0,1,79
366741,married,freelance,tenant,164000,75000,0,0,60,1200,1,0,60
366742,single,freelance,owner,110000,45000,10000,0,48,1700,1,0,48
366743,single,fixed,tenant,126000,48000,0,0,60,600,0,1,79
366744,married,fixed,tenant,173000,92000,0,0,36,550,0,1,64
366745,single,fixed,owner,147000,35000,1500,0,12,350,0,1,86
366746,married,freelance,owner,158000,150000,8000,0,48,1250,1,0,68
366747,married,fixed,tenant,160000,91000,0,0,60,1100,0,1,69
366748,single,freelance,tenant,334000,45000,250000,0,36,700,1,0,101
366749,married,fixed,tenant,300000,75000,30000,0,36,800,0,1,55
366750,married,fixed,owner,150000,45000,4000,0,24,600,0,1,81
366751,married,freelance,owner,150000,135000,4500,0,24,350,1,0,86
366752,single,freelance,tenant,120000,35000,0,0,60,600,1,0,48
366753,married,fixed,tenant,268000,120000,0,0,60,1200,0,1,74
366754,single,fixed,tenant,108000,35000,8000,0,60,550,0,1,63
366755,single,freelance,tenant,232000,35000,0,0,36,1500,1,0,60
366756,married,freelance,tenant,114000,45000,3500,0,48,1400,1,0,66
366757,single,fixed,owner,155000,35000,4000,0,60,1350,0,1,47
366758,married,fixed,owner,147000,45000,8000,700,48,750,0,1,72
366759,single,freelance,tenant,46000,35000,0,0,60,1340,1,0,38
366760,married,freelance,owner,311000,45000,11500,200,48,2000,1,0,80
366761,single,fixed,owner,112000,35000,4500,0,60,1350,0,1,52
366762,married,fixed,owner,89000,45000,5000,0,60,1250,0,1,87
366763,married,parttime,owner,120000,75000,4000,0,48,900,0,0,54
366764,married,freelance,owner,145000,75000,3000,672,60,1300,1,0,79
366765,single,freelance,tenant,115000,35000,12000,0,60,1200,1,0,53
366766,married,fixed,tenant,138000,59000,0,0,60,1600,0,1,47
366767,single,fixed,tenant,125000,35000,4000,1200,60,1500,0,1,56
366768,single,fixed,owner,157000,35000,6000,0,48,1000,0,1,82
366769,married,freelance,owner,43000,75000,3000,280,36,800,1,0,60
366770,married,fixed,tenant,373000,112000,15000,0,48,1300,0,1,69
366771,married,freelance,tenant,75000,75000,0,0,36,500,1,0,49
366772,married,fixed,tenant,110000,60000,4500,0,36,350,0,1,70
366773,married,fixed,owner,174000,75000,8000,0,42,1300,0,1,80
366774,single,parttime,tenant,148000,50000,0,0,48,1500,0,0,37
366775,single,fixed,tenant,187000,35000,0,0,60,700,0,1,74
366776,married,fixed,owner,90000,45000,5000,0,48,350,0,1,90
366777,married,fixed,tenant,224000,67000,0,0,36,750,0,1,57
366778,married,fixed,tenant,178000,93000,0,0,60,1100,0,1,73
366779,married,fixed,owner,133000,45000,26000,0,36,1000,0,1,95
366780,married,fixed,tenant,185000,79000,0,0,48,750,0,1,71
366781,married,fixed,owner,70000,60000,5000,0,36,1200,0,1,89
366782,married,freelance,tenant,95000,60000,0,0,36,1000,1,0,33
366783,married,freelance,owner,160000,45000,15000,0,36,2000,1,0,65
366784,single,freelance,tenant,857000,45000,35000,0,12,1000,1,0,85
366785,married,fixed,tenant,150000,105000,25000,0,60,1000,0,1,56
366786,single,fixed,tenant,106000,46000,8500,0,60,2500,0,1,27
366787,single,fixed,tenant,120000,35000,0,0,48,1100,0,1,52
366788,married,fixed,owner,100000,75000,2000,0,60,1050,0,1,86
366789,married,fixed,tenant,120000,87000,0,0,36,550,0,1,73
366790,married,freelance,owner,61000,75000,11000,770,48,1200,1,0,84
366791,married,fixed,owner,79000,45000,6000,2700,60,1300,0,1,61
366792,married,freelance,owner,154000,75000,6000,0,36,700,1,0,92
366793,married,fixed,tenant,146000,60000,0,0,48,1450,0,1,70
366794,single,fixed,tenant,118000,75000,3500,0,60,1350,0,1,74
366795,single,fixed,tenant,69000,35000,3000,0,36,600,0,1,77
366796,married,fixed,owner,130000,60000,4000,0,60,1300,0,1,57
366797,married,parttime,owner,113000,90000,4000,198,60,400,0,0,61
366798,married,freelance,tenant,74000,60000,0,0,36,600,1,0,58
366799,married,fixed,owner,150000,60000,4000,1500,6,400,0,1,100
366800,single,freelance,owner,92000,35000,40000,0,24,1150,1,0,78
366801,single,fixed,owner,334000,60000,20000,0,48,1600,0,1,73
366802,married,fixed,tenant,100000,75000,8000,1000,60,800,0,1,49
366803,single,parttime,tenant,60000,41000,0,0,60,850,0,0,37
366804,single,parttime,tenant,53000,35000,0,0,36,600,0,0,59
366805,single,fixed,tenant,59000,35000,0,0,36,600,0,1,53
366806,married,fixed,owner,165000,75000,3000,0,60,900,0,1,73
366807,single,fixed,tenant,111000,35000,0,0,30,775,0,1,62
366808,married,fixed,owner,93000,60000,4000,1100,60,800,0,1,91
366809,married,fixed,tenant,50000,45000,1500,100,36,1000,0,1,55
366810,married,fixed,owner,111000,60000,4000,2000,60,750,0,1,59
366811,married,fixed,owner,60000,45000,3500,0,12,500,0,1,98
366812,married,fixed,tenant,68000,67000,0,0,18,100,0,1,83
366813,married,fixed,owner,60000,75000,2500,0,60,1500,0,1,47
366814,married,fixed,owner,60000,60000,3000,0,24,1750,0,1,58
366815,married,fixed,tenant,117000,87000,0,0,24,350,0,1,64
366816,married,freelance,owner,110000,45000,7000,0,36,450,1,0,49
366817,married,fixed,owner,65000,60000,5000,0,36,625,0,1,66
366818,married,fixed,tenant,74000,75000,0,0,60,1700,0,1,49
366819,single,freelance,tenant,44000,35000,0,0,36,1000,1,0,34
366820,married,fixed,owner,177000,60000,3000,0,60,1300,0,1,76
366821,married,fixed,owner,90000,45000,3000,0,60,800,0,1,84
366822,single,fixed,tenant,150000,35000,0,0,60,700,0,1,51
366823,married,fixed,tenant,120000,45000,0,0,48,1100,0,1,60
366824,single,parttime,owner,150000,45000,4000,0,60,1550,0,0,54
366825,married,fixed,owner,180000,45000,9000,1600,36,700,0,1,87
366826,single,freelance,tenant,320000,67000,0,0,24,2000,1,0,40
366827,married,fixed,owner,260000,60000,6000,0,60,1650,0,1,67
366828,married,fixed,tenant,140000,60000,3000,0,36,1000,0,1,77
366829,single,fixed,owner,182000,35000,2000,0,36,500,0,1,85
366830,married,fixed,owner,129000,60000,3436,2686,60,800,0,1,77
366831,married,fixed,owner,88000,60000,3500,500,60,1100,0,1,81
366832,married,fixed,owner,350000,90000,11000,0,36,600,0,1,86
366833,married,freelance,owner,190000,90000,10000,0,60,1350,1,0,85
366834,married,fixed,tenant,70000,52000,0,0,60,950,0,1,50
366835,married,fixed,owner,80000,45000,2500,0,36,600,0,1,88
366836,married,fixed,tenant,140000,89000,0,0,60,1500,0,1,48
366837,married,fixed,owner,112000,60000,3000,1485,60,800,0,1,81
366838,married,fixed,tenant,150000,90000,0,0,60,1450,0,1,58
366839,married,fixed,tenant,112000,71000,8000,0,36,1000,0,1,55
366840,married,freelance,tenant,100000,85000,0,0,60,1150,1,0,54
366841,married,parttime,tenant,85000,84000,0,0,60,800,0,0,58
366842,married,fixed,owner,162000,60000,3500,0,48,1250,0,1,75
366843,single,fixed,tenant,95000,35000,8000,0,60,1250,0,1,47
366844,married,freelance,owner,400000,90000,15000,1000,12,800,1,0,102
366845,married,freelance,tenant,700000,90000,28000,0,12,1350,1,0,95
366846,married,fixed,tenant,72000,105000,2500,750,48,1200,0,1,44
366847,married,freelance,owner,100000,45000,30000,0,48,1550,1,0,73
366848,single,fixed,tenant,100000,35000,0,0,36,500,0,1,59
366849,single,fixed,owner,64000,35000,5000,0,60,400,0,1,43
366850,married,fixed,tenant,124000,45000,148,1,36,1300,0,1,54
366851,married,freelance,owner,80000,45000,7500,0,24,325,1,0,72
366852,married,freelance,tenant,38000,60000,0,0,24,450,1,0,49
366853,married,fixed,owner,295000,75000,5000,900,60,500,0,1,95
366854,single,fixed,owner,206000,45000,4000,0,36,1500,0,1,82
366855,married,fixed,owner,213000,45000,5000,1000,48,1100,0,1,61
366856,married,fixed,tenant,120000,87000,0,0,48,1150,0,1,61
366857,married,parttime,tenant,97000,85000,6000,0,60,1070,0,0,42
366858,married,fixed,owner,180000,75000,4000,0,48,1500,0,1,88
366859,single,freelance,tenant,143000,60000,5000,0,30,1200,1,0,69
366860,single,fixed,tenant,70000,35000,0,0,60,1750,0,1,54
366861,married,freelance,owner,103000,60000,36000,0,60,1300,1,0,84
366862,married,fixed,tenant,157000,91000,0,0,60,2500,0,1,26
366863,married,fixed,tenant,179000,45000,3500,0,60,2000,0,1,75
366864,married,fixed,tenant,69000,60000,0,0,48,2000,0,1,67
366865,married,fixed,owner,250000,45000,55000,0,24,1000,0,1,91
366866,married,fixed,tenant,53000,45000,2500,300,60,780,0,1,66
366867,single,fixed,tenant,52000,35000,0,0,36,800,0,1,51
366868,married,fixed,owner,145000,90000,3000,0,60,1800,0,1,68
366869,married,fixed,owner,70000,45000,6000,5700,12,600,0,1,92
366870,married,fixed,tenant,113000,86000,0,0,60,1150,0,1,54
366871,married,fixed,owner,303000,75000,8000,0,36,1000,0,1,102
366872,married,freelance,tenant,291000,89000,0,0,48,900,1,0,55
366873,single,parttime,owner,180000,35000,4000,0,18,700,0,0,63
366874,single,fixed,tenant,136000,35000,0,0,48,900,0,1,74
366875,married,freelance,tenant,140000,45000,0,0,48,1000,1,0,27
366876,married,fixed,tenant,105000,71000,0,0,48,350,0,1,53
366877,married,fixed,owner,94000,60000,12000,0,36,1000,0,1,73
366878,married,fixed,owner,219000,75000,8500,800,60,1600,0,1,77
366879,single,fixed,tenant,66000,35000,0,0,36,700,0,1,50
366880,married,fixed,tenant,92000,54000,0,0,60,1000,0,1,69
366881,single,fixed,tenant,70000,35000,0,0,36,300,0,1,62
366882,married,fixed,owner,142000,90000,6000,0,60,1300,0,1,75
366883,married,fixed,owner,138000,75000,6000,0,60,1000,0,1,91
366884,married,fixed,owner,230000,75000,13000,1400,36,1400,0,1,88
366885,married,freelance,owner,142000,90000,24000,0,36,2500,1,0,53
366886,married,freelance,owner,216000,60000,11000,0,24,983,1,0,72
366887,married,fixed,tenant,260000,45000,8000,1500,18,500,0,1,62
366888,single,fixed,tenant,60000,35000,0,0,36,1000,0,1,48
366889,married,fixed,tenant,63000,51000,0,0,60,1100,0,1,46
366890,married,fixed,tenant,139000,74000,0,0,36,600,0,1,73
366891,married,freelance,tenant,300000,75000,0,0,48,2000,1,0,48
366892,married,freelance,owner,65000,45000,3500,0,60,1800,1,0,66
366893,married,fixed,tenant,167000,60000,2000,0,48,1450,0,1,73
366894,single,fixed,tenant,120000,47000,0,0,36,900,0,1,51
366895,married,fixed,tenant,80000,75000,0,0,48,1000,0,1,50
366896,married,freelance,owner,100000,60000,18000,0,60,1500,1,0,65
366897,married,fixed,owner,240000,75000,10000,7000,60,1000,0,1,92
366898,married,freelance,tenant,178000,75000,2500,0,60,1600,1,0,58
366899,married,fixed,owner,92000,60000,7000,0,36,800,0,1,95
366900,single,fixed,tenant,250000,35000,3500,0,30,500,0,1,77
366901,married,parttime,owner,70000,75000,4500,0,60,1150,0,0,49
366902,married,fixed,owner,120000,45000,6500,3000,60,760,0,1,71
366903,married,fixed,owner,89000,45000,5000,0,36,800,0,1,98
366904,married,freelance,owner,41000,90000,30000,0,48,850,1,0,64
366905,married,fixed,owner,212000,60000,2200,0,60,1250,0,1,71
366906,married,fixed,tenant,113000,71000,0,0,36,700,0,1,58
366907,married,fixed,tenant,180000,63000,0,0,36,1100,0,1,57
366908,married,fixed,owner,172000,75000,10000,3900,60,1000,0,1,72
366909,single,fixed,owner,46000,60000,3000,0,60,700,0,1,67
366910,married,fixed,tenant,50000,60000,0,0,48,650,0,1,54
366911,married,parttime,tenant,80000,75000,4000,30,48,1100,0,0,52
366912,married,fixed,owner,254000,90000,14000,10500,60,1650,0,1,70
366913,married,freelance,tenant,160000,75000,2000,0,60,1200,1,0,46
366914,single,freelance,owner,130000,35000,4000,0,60,750,1,0,68
366915,married,freelance,owner,100000,60000,50000,0,36,1400,1,0,64
366916,married,fixed,tenant,184000,60000,15000,0,24,1600,0,1,52
366917,married,parttime,tenant,133000,88000,0,0,60,750,0,0,31
366918,married,fixed,tenant,66000,67000,6200,0,48,1000,0,1,64
366919,married,fixed,owner,120000,75000,4000,0,36,900,0,1,77
366920,married,fixed,owner,98000,60000,2500,0,36,450,0,1,55
366921,single,fixed,tenant,45000,35000,0,0,60,1350,0,1,71
366922,married,fixed,owner,171000,45000,15000,0,60,550,0,1,79
366923,married,fixed,tenant,118000,60000,0,0,60,1000,0,1,54
366924,married,fixed,owner,205000,75000,5500,1950,36,275,0,1,100
366925,married,fixed,owner,145000,75000,4500,0,60,1450,0,1,75
366926,married,fixed,tenant,135000,105000,1200,0,36,400,0,1,47
366927,married,parttime,tenant,125000,75000,8500,0,48,1575,0,0,50
366928,single,fixed,owner,117000,35000,4000,0,48,660,0,1,71
366929,married,fixed,owner,260000,60000,15000,8000,36,690,0,1,66
366930,married,fixed,tenant,251000,75000,0,0,60,1450,0,1,42
366931,married,fixed,tenant,130000,88000,0,0,36,500,0,1,51
366932,married,freelance,tenant,134000,45000,0,0,60,2700,1,0,32
366933,married,freelance,tenant,246000,75000,0,0,30,600,1,0,65
366934,married,fixed,owner,185000,45000,4000,0,36,950,0,1,62
366935,single,fixed,tenant,148000,50000,0,0,48,700,0,1,76
366936,married,fixed,tenant,200000,60000,4500,2000,60,1600,0,1,44
366937,married,fixed,tenant,200000,95000,0,0,48,1420,0,1,73
366938,married,parttime,owner,61000,75000,4000,50,48,1250,0,0,56
366939,married,fixed,owner,150000,75000,5000,0,60,1100,0,1,68
366940,married,fixed,owner,170000,75000,2500,0,36,950,0,1,86
366941,married,fixed,tenant,115000,45000,14500,0,60,1400,0,1,76
366942,married,freelance,owner,215000,75000,15000,0,24,1500,1,0,80
366943,married,parttime,tenant,60000,81000,0,0,60,600,0,0,42
366944,married,fixed,owner,150000,60000,2000,0,36,400,0,1,81
366945,married,fixed,owner,144000,90000,3000,200,60,960,0,1,94
366946,married,fixed,owner,75000,60000,3000,0,18,280,0,1,82
366947,single,fixed,tenant,70000,52000,0,0,12,400,0,1,81
366948,married,freelance,owner,120000,60000,2500,0,36,600,1,0,70
366949,single,fixed,tenant,222000,57000,4600,0,60,1000,0,1,79
366950,single,fixed,tenant,120000,47000,8000,0,60,2100,0,1,65
366951,married,fixed,tenant,165000,77000,0,0,60,1500,0,1,51
366952,married,freelance,owner,250000,75000,20000,0,48,700,1,0,96
366953,married,freelance,tenant,65000,90000,0,0,12,225,1,0,55
366954,married,fixed,tenant,94000,45000,0,0,60,500,0,1,62
366955,single,parttime,tenant,141000,49000,0,0,36,800,0,0,56
366956,married,fixed,tenant,150000,60000,2000,0,36,910,0,1,75
366957,single,parttime,tenant,66000,35000,0,0,36,1000,0,0,38
366958,married,freelance,owner,82000,45000,8000,0,60,1000,1,0,86
366959,married,fixed,owner,156000,90000,5000,0,48,1350,0,1,75
366960,married,fixed,owner,114000,75000,6000,192,60,1330,0,1,63
366961,married,parttime,owner,92000,75000,3000,0,36,550,0,0,58
366962,single,parttime,tenant,79000,35000,2000,0,60,1200,0,0,44
366963,married,fixed,owner,74000,90000,1500,0,30,500,0,1,67
366964,married,fixed,owner,178000,75000,5000,0,48,1100,0,1,81
366965,married,fixed,owner,150000,45000,19000,1408,12,550,0,1,80
366966,married,freelance,tenant,59000,90000,0,0,36,500,1,0,62
366967,single,freelance,tenant,60000,35000,0,0,60,600,1,0,45
366968,married,freelance,owner,110000,75000,9500,0,48,1195,1,0,60
366969,married,fixed,tenant,150000,75000,0,0,60,1150,0,1,52
366970,single,fixed,tenant,154000,35000,0,0,48,1300,0,1,71
366971,married,fixed,owner,220000,60000,15000,4500,60,1200,0,1,82
366972,single,freelance,tenant,115000,35000,10000,0,24,325,1,0,72
366973,married,freelance,tenant,130000,90000,0,0,60,1370,1,0,61
366974,single,fixed,tenant,113000,35000,0,0,60,930,0,1,54
366975,married,freelance,owner,198000,60000,3000,0,48,1800,1,0,73
366976,married,fixed,tenant,80000,60000,18000,0,48,900,0,1,60
366977,married,fixed,tenant,77000,68000,4000,0,60,800,0,1,70
366978,married,freelance,tenant,219000,82000,0,0,48,1400,1,0,63
366979,single,freelance,owner,310000,75000,3500,0,48,1300,1,0,50
366980,married,freelance,tenant,175000,93000,1500,0,60,1500,1,0,33
366981,married,freelance,owner,321000,75000,21500,0,60,2000,1,0,72
366982,married,fixed,owner,179000,75000,7000,3200,60,1000,0,1,67
366983,single,fixed,tenant,185000,35000,0,0,60,1500,0,1,55
366984,married,fixed,owner,210000,60000,8000,2500,60,1100,0,1,90
366985,married,fixed,tenant,77000,53000,0,0,60,870,0,1,50
366986,married,freelance,owner,33000,45000,3000,0,36,600,1,0,78
366987,married,parttime,tenant,70000,82000,3500,0,36,500,0,0,35
366988,married,parttime,tenant,83000,45000,0,0,60,1140,0,0,41
366989,married,freelance,owner,17000,90000,9000,0,36,450,1,0,89
366990,single,fixed,owner,176000,45000,5000,0,24,700,0,1,82
366991,single,fixed,tenant,65000,35000,0,0,48,400,0,1,78
366992,married,parttime,tenant,76000,83000,10000,0,60,1000,0,0,46
366993,married,fixed,tenant,110000,75000,2000,300,36,700,0,1,52
366994,married,fixed,tenant,84000,60000,0,0,60,1400,0,1,32
366995,single,fixed,owner,170000,35000,3000,0,24,600,0,1,66
366996,married,fixed,tenant,95000,75000,0,0,60,1000,0,1,61
366997,married,parttime,owner,95000,60000,4000,1300,48,700,0,0,57
366998,single,parttime,tenant,40000,39000,0,0,18,300,0,0,40
366999,married,fixed,owner,165000,75000,5000,1500,60,1600,0,1,63
367000,married,fixed,owner,50000,75000,2000,0,60,750,0,1,82
367001,married,fixed,owner,164000,60000,4000,0,60,1050,0,1,75
367002,married,freelance,tenant,150000,60000,0,0,48,1000,1,0,45
367003,single,parttime,tenant,26000,35000,0,0,12,190,0,0,64
367004,single,fixed,tenant,90000,35000,0,0,30,450,0,1,68
367005,married,fixed,owner,200000,45000,10000,2969,60,1650,0,1,83
367006,single,fixed,tenant,100000,45000,0,0,60,1250,0,1,60
367007,married,fixed,tenant,110000,75000,2000,0,36,780,0,1,73
367008,married,fixed,owner,150000,45000,4000,0,48,660,0,1,69
367009,married,freelance,tenant,134000,60000,0,0,24,1000,1,0,46
367010,married,fixed,tenant,121000,75000,0,0,48,1320,0,1,68
367011,single,freelance,tenant,120000,57000,9000,0,48,950,1,0,50
367012,married,fixed,owner,106000,60000,4000,0,60,870,0,1,90
367013,married,fixed,tenant,100000,60000,148,1,48,800,0,1,75
367014,married,parttime,tenant,79000,53000,0,0,36,600,0,0,49
367015,single,fixed,tenant,98000,45000,6000,800,48,900,0,1,78
367016,married,freelance,owner,134000,75000,19000,800,36,700,1,0,73
367017,married,freelance,owner,90000,45000,14000,0,60,2900,1,0,54
367018,single,fixed,tenant,210000,35000,0,0,48,1575,0,1,77
367019,married,fixed,owner,160000,60000,2500,270,60,1400,0,1,74
367020,married,fixed,owner,120000,45000,5000,400,60,1000,0,1,76
367021,married,fixed,tenant,211000,45000,0,0,60,1400,0,1,43
367022,married,fixed,owner,80000,75000,3000,0,60,900,0,1,48
367023,single,parttime,tenant,70000,35000,0,0,60,1050,0,0,31
367024,married,freelance,owner,67000,45000,10000,0,60,1000,1,0,59
367025,married,freelance,tenant,71000,45000,0,0,60,1500,1,0,46
367026,married,fixed,tenant,92000,84000,0,0,60,1200,0,1,69
367027,married,fixed,tenant,158000,60000,0,0,24,1000,0,1,61
367028,married,freelance,owner,115000,60000,3500,0,12,200,1,0,76
367029,married,parttime,tenant,80000,83000,0,0,24,500,0,0,45
367030,married,fixed,tenant,176000,93000,0,0,60,1800,0,1,54
367031,married,freelance,owner,321000,90000,26000,0,36,975,1,0,68
367032,married,fixed,owner,112000,60000,3500,0,36,1100,0,1,70
367033,single,freelance,tenant,134000,45000,0,0,36,1000,1,0,66
367034,married,fixed,tenant,75000,53000,0,0,60,1100,0,1,51
367035,married,freelance,owner,100000,60000,4000,0,24,700,1,0,85
367036,single,fixed,tenant,75000,43000,0,0,48,800,0,1,59
367037,married,fixed,owner,80000,60000,10000,0,48,1600,0,1,87
367038,married,fixed,tenant,170000,92000,0,0,60,1300,0,1,57
367039,married,freelance,tenant,140000,75000,0,0,60,1300,1,0,48
367040,married,parttime,owner,120000,75000,3500,0,60,1500,0,0,40
367041,married,fixed,owner,100000,60000,8000,0,60,1050,0,1,66
367042,married,fixed,owner,200000,60000,3500,200,48,800,0,1,89
367043,married,fixed,tenant,50000,95000,7000,4000,60,1600,0,1,32
367044,married,fixed,tenant,83000,75000,3000,0,60,1300,0,1,52
367045,married,freelance,owner,75000,75000,12000,0,60,900,1,0,49
367046,married,freelance,tenant,62000,75000,5000,0,48,1700,1,0,63
367047,single,fixed,tenant,220000,45000,3000,0,60,1600,0,1,53
367048,married,freelance,owner,100000,60000,4000,0,36,1100,1,0,59
367049,single,fixed,tenant,137000,59000,2500,0,24,350,0,1,69
367050,single,fixed,tenant,97000,45000,0,0,48,850,0,1,47
367051,married,fixed,owner,100000,60000,10500,0,24,900,0,1,93
367052,married,fixed,tenant,170000,90000,6000,0,48,1280,0,1,69
367053,married,fixed,owner,151000,105000,48000,0,36,1635,0,1,91
367054,single,parttime,owner,115000,35000,2000,0,36,700,0,0,47
367055,married,fixed,tenant,153000,60000,0,0,48,450,0,1,77
367056,married,fixed,tenant,299000,165000,0,0,60,1300,0,1,38
367057,married,freelance,tenant,67000,67000,0,0,60,1500,1,0,51
367058,single,fixed,tenant,135000,35000,0,0,24,250,0,1,49
367059,married,fixed,tenant,177000,78000,4000,0,48,700,0,1,61
367060,single,freelance,tenant,140000,35000,0,0,48,1000,1,0,48
367061,married,fixed,tenant,85000,54000,2000,0,48,500,0,1,81
367062,married,fixed,owner,95000,60000,6500,0,48,1180,0,1,92
367063,single,fixed,tenant,119000,35000,3000,0,36,1000,0,1,63
367064,married,fixed,owner,145000,45000,27000,0,12,500,0,1,104
367065,single,fixed,tenant,100000,45000,0,0,48,750,0,1,63
367066,married,freelance,owner,200000,90000,4500,0,24,800,1,0,79
367067,married,freelance,owner,159000,60000,19,0,6,500,1,0,78
367068,married,fixed,owner,96000,75000,4000,1700,60,2050,0,1,68
367069,single,fixed,tenant,85000,35000,0,0,60,850,0,1,73
367070,married,freelance,owner,60000,75000,3000,0,60,1500,1,0,55
367071,married,freelance,owner,152000,90000,6000,0,60,1250,1,0,64
367072,married,freelance,owner,70000,75000,14000,600,36,600,1,0,81
367073,single,freelance,tenant,89000,35000,0,0,36,525,1,0,68
367074,married,freelance,owner,138000,75000,4000,0,60,1400,1,0,69
367075,married,fixed,owner,187000,75000,2500,0,60,1150,0,1,80
367076,single,fixed,tenant,110000,45000,0,0,60,650,0,1,53
367077,married,parttime,tenant,148000,90000,0,0,18,300,0,0,50
367078,married,fixed,owner,89000,75000,5500,0,36,1000,0,1,82
367079,married,fixed,tenant,106000,56000,0,0,60,1200,0,1,68
367080,married,freelance,tenant,98000,35000,3500,0,48,150,1,0,50
367081,married,fixed,owner,198000,90000,4500,0,48,1650,0,1,75
367082,married,freelance,owner,40000,60000,5000,0,60,850,1,0,82
367083,married,fixed,owner,100000,60000,3000,0,12,400,0,1,87
367084,married,fixed,owner,145000,75000,6000,0,48,1250,0,1,86
367085,married,fixed,owner,80000,60000,4000,0,60,1000,0,1,52
367086,married,freelance,owner,84000,90000,30000,0,48,1100,1,0,74
367087,married,fixed,owner,208000,45000,4000,0,36,500,0,1,89
367088,married,fixed,tenant,212000,96000,0,0,36,600,0,1,61
367089,married,fixed,owner,169000,75000,4000,400,18,400,0,1,85
367090,married,fixed,tenant,120000,45000,2500,1200,48,880,0,1,51
367091,single,fixed,tenant,180000,53000,0,0,36,850,0,1,53
367092,married,parttime,tenant,136000,89000,0,0,48,1070,0,0,56
367093,married,parttime,owner,130000,45000,18000,2500,12,400,0,0,66
367094,married,fixed,owner,205000,75000,5000,0,60,1350,0,1,88
367095,married,fixed,tenant,148000,35000,4000,0,36,700,0,1,81
367096,single,fixed,tenant,174000,35000,0,0,60,1000,0,1,51
367097,married,fixed,owner,90000,60000,5000,0,60,800,0,1,83
367098,married,freelance,tenant,68000,60000,5000,90,36,900,1,0,62
367099,single,fixed,tenant,134000,35000,0,0,36,800,0,1,78
367100,single,fixed,tenant,169000,52000,2000,0,48,1000,0,1,77
367101,single,parttime,tenant,103000,35000,0,0,60,1250,0,0,33
367102,married,fixed,tenant,121000,57000,0,0,48,1200,0,1,70
367103,married,fixed,tenant,100000,115000,0,0,36,375,0,1,52
367104,married,fixed,owner,54000,75000,6000,0,42,1000,0,1,69
367105,married,fixed,tenant,114000,56000,0,0,60,1000,0,1,69
367106,married,fixed,owner,81000,45000,4000,1800,60,1000,0,1,92
367107,married,freelance,owner,196000,180000,65000,0,24,1500,1,0,66
367108,single,parttime,tenant,65000,35000,2500,0,48,1000,0,0,35
367109,married,fixed,owner,250000,60000,9000,0,36,1000,0,1,92
367110,married,fixed,owner,90000,90000,30000,0,36,750,0,1,90
367111,married,fixed,tenant,103000,100000,0,0,48,950,0,1,60
367112,married,fixed,tenant,164000,61000,5000,0,36,1000,0,1,81
367113,single,freelance,tenant,52000,35000,0,0,24,600,1,0,64
367114,married,fixed,tenant,129000,60000,0,0,48,1300,0,1,39
367115,single,fixed,tenant,150000,50000,0,0,60,1500,0,1,73
367116,single,fixed,tenant,80000,35000,4000,0,30,600,0,1,82
367117,single,fixed,owner,90000,45000,8000,0,60,850,0,1,79
367118,married,fixed,tenant,95000,75000,2000,0,60,1100,0,1,51
367119,single,fixed,tenant,92000,35000,0,0,60,1618,0,1,58
367120,married,fixed,owner,47000,75000,3500,0,18,350,0,1,83
367121,married,fixed,owner,115000,45000,4000,0,36,700,0,1,78
367122,married,parttime,owner,115000,60000,4000,0,60,1870,0,0,46
367123,married,fixed,owner,130000,60000,4000,0,60,1100,0,1,64
367124,married,fixed,tenant,190000,75000,3500,0,60,1300,0,1,72
367125,married,freelance,owner,76000,90000,4500,0,48,1100,1,0,84
367126,single,fixed,tenant,58000,35000,1000,0,36,400,0,1,63
367127,married,freelance,owner,75000,45000,5000,0,36,400,1,0,63
367128,married,fixed,owner,260000,75000,10000,0,24,400,0,1,102
367129,married,fixed,owner,136000,75000,4000,0,24,435,0,1,76
367130,married,fixed,tenant,152000,75000,5000,0,60,1400,0,1,79
367131,married,freelance,tenant,209000,45000,2000,0,60,900,1,0,71
367132,married,fixed,owner,186000,75000,8000,50,60,900,0,1,79
367133,single,fixed,tenant,90000,35000,0,0,60,949,0,1,35
367134,married,fixed,owner,120000,45000,4000,1000,60,1200,0,1,93
367135,married,fixed,owner,110000,60000,2000,0,60,1020,0,1,73
367136,married,freelance,owner,80000,45000,6000,0,60,1100,1,0,54
367137,married,fixed,owner,132000,60000,8000,720,48,1000,0,1,67
367138,married,fixed,owner,245000,45000,14000,0,24,500,0,1,109
367139,married,freelance,owner,200000,75000,19000,0,48,750,1,0,78
367140,single,fixed,tenant,66000,35000,0,0,24,300,0,1,64
367141,married,freelance,owner,267000,75000,12000,0,36,1700,1,0,49
367142,married,freelance,owner,6000,60000,16000,0,48,1200,1,0,71
367143,married,parttime,owner,185000,45000,3500,0,18,600,0,0,79
367144,married,fixed,tenant,144000,60000,61,0,60,1350,0,1,74
367145,married,fixed,owner,46000,60000,5000,0,48,1800,0,1,85
367146,married,fixed,tenant,108000,56000,0,0,48,1100,0,1,76
367147,married,parttime,tenant,50000,50000,0,0,24,350,0,0,54
367148,single,fixed,tenant,80000,35000,10000,0,60,1000,0,1,63
367149,married,freelance,owner,120000,75000,5000,0,12,250,1,0,93
367150,married,fixed,tenant,168000,105000,14000,0,36,650,0,1,64
367151,married,fixed,owner,183000,75000,4000,1100,60,1500,0,1,78
367152,single,fixed,tenant,90000,35000,0,0,60,800,0,1,51
367153,married,fixed,owner,156000,75000,3000,0,48,700,0,1,73
367154,single,fixed,owner,102000,35000,3000,0,36,1000,0,1,56
367155,single,freelance,owner,142000,35000,5500,3800,60,950,1,0,27
367156,married,fixed,owner,280000,75000,14000,7000,54,850,0,1,94
367157,married,fixed,owner,195000,60000,15000,0,60,900,0,1,87
367158,single,fixed,tenant,79000,43000,0,0,36,900,0,1,72
367159,married,fixed,tenant,220000,45000,20000,0,36,800,0,1,76
367160,married,fixed,owner,122000,90000,3000,0,36,500,0,1,88
367161,married,fixed,tenant,87000,60000,0,0,36,2000,0,1,48
367162,single,fixed,tenant,114000,35000,0,0,48,1200,0,1,67
367163,single,freelance,tenant,94000,35000,0,0,48,900,1,0,55
367164,single,fixed,tenant,187000,35000,4000,2400,60,1400,0,1,66
367165,married,freelance,owner,491000,75000,90000,0,60,4000,1,0,74
367166,married,fixed,owner,250000,75000,10000,0,36,500,0,1,84
367167,married,fixed,tenant,204000,110000,0,0,60,1500,0,1,56
367168,married,fixed,tenant,165000,77000,0,0,24,500,0,1,52
367169,married,fixed,owner,130000,75000,3500,0,36,1500,0,1,55
367170,single,fixed,tenant,79000,35000,0,0,24,590,0,1,70
367171,single,freelance,tenant,70000,35000,0,0,36,350,1,0,39
367172,single,fixed,owner,96000,35000,8000,0,60,850,0,1,74
367173,married,freelance,owner,85000,75000,4000,0,60,1200,1,0,71
367174,single,freelance,tenant,232000,35000,0,0,48,2000,1,0,39
367175,single,fixed,tenant,66000,42000,0,0,60,800,0,1,47
367176,married,fixed,tenant,155000,75000,0,0,60,2000,0,1,41
367177,married,freelance,owner,184000,75000,15000,0,24,1000,1,0,69
367178,married,freelance,owner,100000,75000,50000,8000,12,900,1,0,76
367179,married,freelance,tenant,228000,75000,0,0,36,1450,1,0,47
367180,single,fixed,tenant,140000,49000,0,0,36,550,0,1,57
367181,married,parttime,owner,158000,45000,5500,0,24,500,0,0,66
367182,married,fixed,tenant,144000,75000,7000,0,48,500,0,1,74
367183,married,fixed,tenant,340000,79000,0,0,12,700,0,1,57
367184,married,fixed,tenant,250000,85000,0,0,60,1000,0,1,80
367185,married,fixed,owner,296000,60000,4500,2000,12,200,0,1,96
367186,single,parttime,tenant,139000,35000,2000,0,48,1000,0,0,46
367187,married,fixed,owner,110000,75000,3500,1394,60,900,0,1,73
367188,single,parttime,tenant,70000,35000,0,0,24,500,0,0,33
367189,married,fixed,owner,87000,45000,6500,0,60,1100,0,1,87
367190,married,fixed,tenant,108000,90000,1500,30,60,1400,0,1,49
367191,married,fixed,tenant,90000,45000,2000,0,36,1200,0,1,60
367192,single,fixed,tenant,56000,45000,0,0,60,1400,0,1,53
367193,married,fixed,tenant,235000,114000,0,0,36,500,0,1,67
367194,married,parttime,tenant,60000,60000,0,0,60,1400,0,0,42
367195,single,parttime,tenant,225000,58000,0,0,36,1500,0,0,58
367196,married,freelance,tenant,89000,54000,0,0,60,1200,1,0,43
367197,married,fixed,tenant,80000,75000,2500,0,36,1300,0,1,59
367198,single,fixed,tenant,63000,41000,0,0,60,2700,0,1,19
367199,married,fixed,owner,250000,60000,3000,0,60,1550,0,1,87
367200,single,freelance,tenant,143000,35000,8000,0,24,600,1,0,73
367201,married,fixed,tenant,73000,42000,0,0,60,950,0,1,57
367202,married,fixed,tenant,126000,103000,3500,0,60,1450,0,1,53
367203,married,fixed,owner,101000,60000,12000,2400,36,965,0,1,80
367204,married,freelance,owner,60000,60000,15000,0,60,1450,1,0,67
367205,married,fixed,owner,169000,45000,7000,0,60,1400,0,1,74
367206,married,freelance,tenant,193000,109000,0,0,48,1140,1,0,35
367207,single,fixed,tenant,90000,44000,0,0,24,550,0,1,72
367208,married,parttime,tenant,116000,60000,2000,0,24,480,0,0,43
367209,single,parttime,tenant,60000,35000,0,0,48,1350,0,0,47
367210,single,fixed,tenant,107000,35000,6500,1172,48,1000,0,1,72
367211,married,fixed,owner,150000,45000,6000,0,18,500,0,1,82
367212,married,freelance,tenant,254000,135000,0,0,48,2000,1,0,50
367213,single,freelance,tenant,319000,35000,0,0,36,1200,1,0,47
367214,married,fixed,tenant,90000,60000,55,0,36,400,0,1,58
367215,married,freelance,owner,122000,45000,5000,500,12,350,1,0,74
367216,married,freelance,tenant,93000,60000,0,0,60,1600,1,0,34
367217,married,fixed,owner,121000,75000,2000,150,36,900,0,1,86
367218,single,parttime,tenant,93000,35000,2500,0,24,230,0,0,69
367219,married,fixed,tenant,162000,61000,0,0,48,1000,0,1,65
367220,married,parttime,tenant,154000,75000,0,0,48,1300,0,0,35
367221,married,freelance,tenant,43000,45000,0,0,36,1000,1,0,44
367222,married,freelance,owner,51000,60000,8000,3000,60,1450,1,0,48
367223,married,fixed,tenant,135000,74000,0,0,60,1000,0,1,57
367224,married,freelance,owner,60000,75000,148,1,48,1500,1,0,55
367225,single,fixed,tenant,106000,35000,0,0,60,820,0,1,57
367226,married,freelance,tenant,160000,60000,0,0,42,200,1,0,55
367227,single,fixed,tenant,76000,35000,0,0,60,1300,0,1,46
367228,married,fixed,owner,137000,45000,3000,180,60,1700,0,1,69
367229,married,fixed,tenant,115000,45000,0,0,60,1250,0,1,61
367230,single,freelance,tenant,60000,35000,0,0,30,800,1,0,61
367231,single,fixed,tenant,173000,62000,0,0,48,1100,0,1,56
367232,married,fixed,owner,90000,75000,3000,0,48,400,0,1,91
367233,married,freelance,tenant,365000,97000,0,0,36,1300,1,0,47
367234,married,fixed,tenant,154000,60000,2500,0,36,2000,0,1,33
367235,single,freelance,tenant,56000,35000,0,0,36,650,1,0,65
367236,married,freelance,tenant,100000,70000,0,0,60,2400,1,0,37
367237,single,fixed,tenant,70000,35000,0,0,36,900,0,1,77
367238,single,fixed,tenant,75000,35000,0,0,48,650,0,1,66
367239,married,freelance,owner,60000,60000,47500,3360,60,1000,1,0,60
367240,married,fixed,tenant,128000,58000,0,0,24,700,0,1,51
367241,married,fixed,tenant,120000,60000,0,0,48,1000,0,1,57
367242,single,fixed,tenant,54000,35000,0,0,60,700,0,1,77
367243,married,fixed,owner,113000,75000,8000,0,36,1050,0,1,88
367244,married,freelance,tenant,71000,82000,0,0,60,2000,1,0,39
367245,married,fixed,owner,120000,90000,6000,0,36,900,0,1,78
367246,single,fixed,tenant,55000,35000,5000,0,36,775,0,1,62
367247,single,fixed,owner,90000,35000,5000,3000,36,1000,0,1,72
367248,married,freelance,owner,69000,45000,1,0,60,700,1,0,72
367249,married,fixed,tenant,154000,60000,3000,0,48,825,0,1,65
367250,married,freelance,owner,16000,60000,3000,0,48,850,1,0,84
367251,married,freelance,owner,416000,75000,8000,0,36,3875,1,0,57
367252,married,fixed,tenant,105000,90000,0,0,48,1200,0,1,53
367253,married,fixed,tenant,210000,66000,0,0,36,500,0,1,57
367254,married,fixed,owner,146000,35000,8000,2000,60,1000,0,1,91
367255,single,freelance,tenant,150000,35000,0,0,60,1500,1,0,47
367256,married,freelance,owner,105000,45000,5000,3000,36,1000,1,0,73
367257,married,fixed,owner,148000,45000,3500,144,60,1350,0,1,68
367258,married,freelance,tenant,84000,35000,4500,50,48,700,1,0,55
367259,married,freelance,tenant,60000,66000,0,0,48,700,1,0,49
367260,married,freelance,owner,80000,35000,25000,0,36,1400,1,0,70
367261,single,fixed,tenant,226000,45000,6000,2200,60,1350,0,1,62
367262,married,fixed,owner,130000,45000,4000,0,48,1000,0,1,85
367263,married,fixed,tenant,100000,85000,8000,0,60,1250,0,1,48
367264,married,freelance,owner,175000,60000,2500,0,60,1250,1,0,60
367265,single,parttime,tenant,38000,35000,0,0,60,600,0,0,59
367266,single,fixed,tenant,163000,51000,0,0,60,1000,0,1,69
367267,married,fixed,tenant,131000,45000,0,0,36,250,0,1,71
367268,married,fixed,owner,125000,75000,6000,200,48,1000,0,1,79
367269,married,freelance,owner,212000,35000,65000,0,48,1300,1,0,99
367270,single,freelance,tenant,89000,35000,0,0,24,290,1,0,69
367271,married,fixed,tenant,104000,55000,0,0,30,550,0,1,53
367272,single,parttime,tenant,65000,42000,0,0,24,750,0,0,58
367273,single,parttime,tenant,75000,35000,0,0,60,1100,0,0,25
367274,single,fixed,tenant,126000,35000,1500,0,60,900,0,1,67
367275,married,fixed,tenant,91000,35000,0,0,18,600,0,1,80
367276,married,fixed,tenant,103000,70000,0,0,36,500,0,1,74
367277,single,fixed,tenant,100000,35000,0,0,60,1600,0,1,47
367278,married,freelance,tenant,164000,76000,3000,0,60,800,1,0,50
367279,married,fixed,owner,131000,45000,4000,1600,60,600,0,1,79
367280,married,freelance,tenant,54000,60000,0,0,18,850,1,0,38
367281,married,fixed,tenant,85000,60000,0,0,48,1450,0,1,54
367282,married,parttime,tenant,60000,35000,2800,0,60,1300,0,0,36
367283,single,freelance,owner,48000,60000,7000,0,36,300,1,0,61
367284,single,parttime,tenant,312000,45000,10000,0,60,1033,0,0,45
367285,single,parttime,tenant,80000,35000,0,0,24,650,0,0,58
367286,married,fixed,tenant,83000,68000,0,0,18,200,0,1,58
367287,married,fixed,owner,77000,60000,4000,0,24,350,0,1,83
367288,single,freelance,tenant,63000,35000,20000,0,24,600,1,0,77
367289,married,freelance,tenant,31000,90000,0,0,24,625,1,0,45
367290,single,fixed,tenant,108000,46000,0,0,60,1200,0,1,53
367291,married,fixed,owner,68000,45000,4500,1379,60,725,0,1,77
367292,married,fixed,tenant,120000,35000,0,0,30,700,0,1,81
367293,married,fixed,owner,213000,45000,6000,0,36,1700,0,1,51
367294,married,freelance,tenant,450000,35000,2500,0,48,1200,1,0,60
367295,married,fixed,owner,145000,45000,13000,0,60,1500,0,1,90
367296,married,freelance,owner,90000,35000,16000,0,36,800,1,0,62
367297,single,fixed,tenant,114000,46000,0,0,60,1050,0,1,63
367298,single,fixed,tenant,104000,35000,10000,0,60,1400,0,1,71
367299,married,fixed,owner,240000,45000,8000,0,60,900,0,1,93
367300,married,freelance,owner,45000,45000,32000,0,36,1500,1,0,59
367301,single,fixed,tenant,70000,35000,3500,0,60,1300,0,1,67
367302,married,fixed,owner,85000,60000,4000,0,60,1100,0,1,78
367303,married,fixed,owner,82000,35000,1500,0,60,1090,0,1,84
367304,married,parttime,tenant,80000,53000,0,0,24,500,0,0,48
367305,married,freelance,owner,66000,45000,1,0,48,1200,1,0,69
367306,married,parttime,tenant,82000,90000,4000,0,60,600,0,0,50
367307,married,fixed,owner,99000,75000,16000,500,60,1000,0,1,74
367308,married,freelance,owner,46000,75000,15000,0,48,900,1,0,81
367309,single,fixed,tenant,178000,60000,0,0,54,740,0,1,61
367310,married,fixed,tenant,147000,60000,5500,2000,60,1700,0,1,67
367311,married,freelance,owner,280000,45000,4000,1300,48,1000,1,0,51
367312,married,freelance,owner,75000,35000,4000,0,60,1000,1,0,63
367313,married,fixed,owner,190000,45000,5000,0,6,200,0,1,79
367314,single,parttime,owner,240000,45000,4500,0,6,675,0,0,42
367315,single,freelance,tenant,280000,35000,6000,0,48,1100,1,0,62
367316,married,freelance,tenant,62000,45000,0,0,60,1800,1,0,36
367317,married,fixed,owner,90000,60000,4500,0,48,900,0,1,90
367318,single,fixed,tenant,96000,35000,0,0,36,475,0,1,60
367319,married,fixed,tenant,159000,51000,0,0,60,1100,0,1,54
367320,married,fixed,owner,155000,75000,8000,0,48,600,0,1,97
367321,single,fixed,tenant,78000,43000,0,0,60,730,0,1,49
367322,married,fixed,tenant,283000,103000,0,0,24,1897,0,1,33
367323,married,fixed,owner,130000,45000,4500,0,54,1700,0,1,67
367324,married,fixed,tenant,80000,45000,0,0,42,700,0,1,38
367325,single,parttime,tenant,129000,48000,0,0,36,525,0,0,35
367326,married,fixed,owner,122000,35000,5000,0,60,1500,0,1,85
367327,married,freelance,owner,65000,60000,3000,0,30,600,1,0,70
367328,single,fixed,tenant,127000,35000,0,0,36,300,0,1,73
367329,married,fixed,tenant,125000,35000,1500,0,48,1500,0,1,54
367330,married,freelance,owner,260000,60000,3000,250,36,1100,1,0,74
367331,married,fixed,tenant,158000,76000,5000,0,60,1000,0,1,54
367332,married,fixed,owner,163000,75000,4000,0,36,400,0,1,72
367333,married,fixed,owner,131000,75000,4000,0,48,980,0,1,87
367334,married,fixed,tenant,140000,74000,0,0,60,1500,0,1,67
367335,married,fixed,owner,132000,45000,0,0,60,1100,0,1,84
367336,married,fixed,tenant,66000,75000,5500,1700,60,1250,0,1,68
367337,married,parttime,owner,140000,60000,6000,0,60,1150,0,0,76
367338,single,fixed,owner,150000,35000,3000,0,60,2000,0,1,57
367339,married,fixed,owner,110000,75000,3000,0,48,1150,0,1,66
367340,married,freelance,tenant,59000,75000,2500,2200,48,1200,1,0,56
367341,married,freelance,tenant,87000,45000,4500,0,36,900,1,0,52
367342,single,fixed,tenant,139000,35000,0,0,48,650,0,1,54
367343,single,parttime,tenant,100000,35000,25000,0,36,1400,0,0,43
367344,single,fixed,tenant,135000,49000,0,0,60,1300,0,1,69
367345,married,fixed,owner,137000,90000,2000,0,48,1100,0,1,81
367346,married,fixed,tenant,120000,57000,0,0,60,1500,0,1,47
367347,married,freelance,tenant,91000,35000,5000,0,48,800,1,0,57
367348,married,fixed,owner,87000,75000,4500,0,36,2000,0,1,60
367349,single,fixed,tenant,142000,49000,0,0,48,1300,0,1,28
367350,single,freelance,tenant,65000,35000,0,0,60,1100,1,0,54
367351,married,freelance,owner,464000,45000,10000,0,6,1100,1,0,103
367352,married,freelance,tenant,83000,113000,0,0,60,1530,1,0,20
367353,married,fixed,tenant,183000,45000,0,0,60,1500,0,1,37
367354,single,fixed,owner,126000,35000,2800,0,48,1170,0,1,73
367355,single,parttime,tenant,66000,35000,0,0,24,550,0,0,62
367356,single,fixed,tenant,90000,44000,0,0,48,1200,0,1,54
367357,married,fixed,tenant,84000,60000,9000,0,60,1400,0,1,49
367358,married,freelance,tenant,61000,60000,0,0,60,1420,1,0,21
367359,married,freelance,tenant,103000,35000,0,0,60,1050,1,0,56
367360,married,fixed,owner,55000,45000,4000,800,60,700,0,1,92
367361,married,fixed,tenant,185000,60000,0,0,24,319,0,1,61
367362,single,fixed,tenant,85000,35000,0,0,48,1000,0,1,50
367363,married,fixed,owner,101000,35000,5000,0,48,500,0,1,90
367364,single,fixed,tenant,180000,45000,1500,0,48,1100,0,1,61
367365,married,fixed,tenant,220000,45000,0,0,48,600,0,1,68
367366,married,fixed,owner,142000,60000,4000,0,48,2000,0,1,65
367367,married,fixed,tenant,91000,35000,0,0,24,450,0,1,60
367368,married,freelance,tenant,57000,41000,8000,0,60,1200,1,0,29
367369,single,fixed,owner,62000,45000,5000,0,48,1500,0,1,44
367370,married,freelance,owner,27000,35000,5000,0,48,1050,1,0,61
367371,married,freelance,tenant,37000,60000,0,0,36,250,1,0,57
367372,married,fixed,tenant,176000,45000,0,0,24,700,0,1,71
367373,married,fixed,owner,124000,45000,5000,0,60,800,0,1,73
367374,single,fixed,tenant,128000,45000,9500,2800,60,1300,0,1,51
367375,married,fixed,owner,92000,60000,3500,991,60,1050,0,1,62
367376,married,fixed,tenant,100000,75000,6000,0,48,1200,0,1,71
367377,married,fixed,owner,300000,75000,7000,3500,36,1100,0,1,85
367378,married,fixed,owner,167000,45000,8000,0,24,250,0,1,93
367379,married,fixed,owner,222000,60000,7000,0,60,1300,0,1,90
367380,single,freelance,tenant,169000,35000,10000,0,48,650,1,0,80
367381,married,freelance,tenant,80000,43000,0,0,60,1200,1,0,48
367382,married,freelance,tenant,50000,65000,0,0,48,1200,1,0,39
367383,married,fixed,tenant,138000,35000,0,0,60,1080,0,1,52
367384,married,fixed,tenant,187000,54000,0,0,36,1200,0,1,54
367385,married,freelance,owner,140000,35000,8000,0,60,1600,1,0,80
367386,single,fixed,tenant,58000,35000,28000,0,60,1100,0,1,76
367387,single,fixed,tenant,83000,35000,0,0,36,700,0,1,72
367388,single,freelance,tenant,38000,79000,0,0,36,400,1,0,66
367389,married,freelance,owner,51000,60000,3500,350,48,1300,1,0,65
367390,single,freelance,owner,35000,45000,6000,0,60,650,1,0,61
367391,married,fixed,owner,84000,60000,5000,0,48,700,0,1,75
367392,single,fixed,tenant,95000,35000,0,0,60,900,0,1,50
367393,married,fixed,owner,104000,45000,12000,800,36,900,0,1,86
367394,married,fixed,owner,390000,60000,45000,0,36,1000,0,1,94
367395,married,fixed,owner,209000,75000,13500,0,60,1450,0,1,76
367396,married,fixed,tenant,71000,60000,800,0,48,800,0,1,72
367397,married,fixed,tenant,200000,35000,0,0,36,600,0,1,67
367398,single,fixed,owner,48000,35000,5000,0,60,1200,0,1,68
367399,single,freelance,tenant,66000,45000,0,0,60,700,1,0,47
367400,married,freelance,owner,86000,45000,6000,0,24,1200,1,0,76
367401,married,fixed,owner,82000,45000,4500,0,36,800,0,1,70
367402,married,freelance,owner,126000,45000,5000,0,36,800,1,0,88
367403,married,fixed,owner,111000,45000,5000,0,48,1300,0,1,66
367404,married,fixed,owner,87000,45000,3000,0,48,800,0,1,95
367405,married,freelance,tenant,535000,99000,0,0,6,500,1,0,89
367406,married,freelance,tenant,104000,60000,0,0,36,400,1,0,51
367407,married,freelance,owner,41000,45000,4000,2000,60,1500,1,0,33
367408,married,freelance,tenant,270000,75000,0,0,48,2300,1,0,35
367409,single,parttime,tenant,53000,35000,0,0,36,225,0,0,38
367410,married,freelance,owner,49000,90000,7000,300,36,1200,1,0,80
367411,married,fixed,tenant,140000,60000,0,0,60,700,0,1,55
367412,single,fixed,tenant,67000,35000,0,0,60,316,0,1,64
367413,married,freelance,owner,189000,45000,15750,3000,48,2300,1,0,75
367414,married,fixed,tenant,80000,43000,0,0,60,1000,0,1,53
367415,married,fixed,tenant,170000,62000,0,0,48,1000,0,1,58
367416,married,fixed,tenant,110000,60000,2000,360,36,400,0,1,75
367417,married,fixed,tenant,98000,35000,5000,0,60,1200,0,1,69
367418,married,freelance,tenant,67000,35000,0,0,24,200,1,0,67
367419,married,fixed,owner,120000,35000,8000,0,12,1000,0,1,76
367420,married,fixed,owner,150000,45000,23000,0,36,2800,0,1,84
367421,single,fixed,tenant,62000,35000,0,0,36,750,0,1,72
367422,married,freelance,owner,100000,35000,16000,0,48,1100,1,0,72
367423,married,fixed,owner,160000,45000,6500,0,60,1500,0,1,83
367424,married,fixed,owner,205000,60000,5000,0,48,600,0,1,74
367425,single,fixed,tenant,115000,47000,0,0,60,1600,0,1,52
367426,married,fixed,tenant,75000,45000,0,0,48,1000,0,1,32
367427,married,freelance,tenant,198000,60000,0,0,60,1300,1,0,67
367428,married,freelance,owner,76000,35000,148,1,24,1300,1,0,70
367429,married,freelance,owner,110000,60000,4000,0,12,700,1,0,61
367430,married,fixed,owner,531000,105000,47000,0,60,1400,0,1,109
367431,single,fixed,tenant,145000,35000,4000,0,60,1000,0,1,64
367432,married,freelance,tenant,120000,72000,100000,0,48,775,1,0,45
367433,married,parttime,owner,100000,35000,8000,0,24,500,0,0,56
367434,married,fixed,owner,167000,45000,6000,0,60,1435,0,1,93
367435,married,freelance,owner,245000,60000,7000,0,12,500,1,0,98
367436,married,fixed,owner,100000,35000,7000,0,36,850,0,1,87
367437,married,freelance,owner,190000,75000,7000,0,48,800,1,0,87
367438,married,fixed,owner,125000,35000,9000,2300,60,1350,0,1,76
367439,married,fixed,owner,90000,45000,3000,0,60,1200,0,1,67
367440,married,fixed,owner,205000,45000,11000,3700,60,1300,0,1,95
367441,single,fixed,tenant,51000,35000,0,0,24,800,0,1,77
367442,married,fixed,owner,144000,35000,3000,0,48,850,0,1,77
367443,married,freelance,tenant,146000,35000,0,0,36,1800,1,0,33
367444,married,fixed,owner,235000,105000,2000,670,60,1400,0,1,53
367445,married,fixed,owner,160000,35000,6000,600,36,600,0,1,82
367446,married,fixed,tenant,90000,54000,0,0,60,1000,0,1,53
367447,single,fixed,tenant,115000,35000,0,0,60,1000,0,1,46
367448,married,freelance,owner,213000,35000,20000,0,48,1250,1,0,67
367449,married,fixed,owner,85000,60000,4000,0,60,1500,0,1,66
367450,married,freelance,tenant,192000,45000,4000,108,36,575,1,0,66
367451,married,freelance,owner,169000,35000,60000,0,60,950,1,0,66
367452,single,fixed,owner,90000,35000,5000,0,60,1000,0,1,68
367453,married,freelance,tenant,61000,35000,18000,0,36,800,1,0,78
367454,single,fixed,tenant,75000,35000,0,0,18,500,0,1,42
367455,married,fixed,tenant,80000,35000,0,0,60,1000,0,1,45
367456,married,freelance,owner,64000,45000,4000,0,60,1200,1,0,68
367457,married,fixed,tenant,178000,53000,0,0,36,1600,0,1,68
367458,single,freelance,tenant,239000,35000,0,0,6,760,1,0,53
367459,married,freelance,owner,180000,35000,8000,3530,60,1700,1,0,66
367460,married,fixed,owner,120000,35000,3500,0,60,1400,0,1,68
367461,married,freelance,owner,349000,35000,6000,4000,60,1300,1,0,84
367462,married,fixed,tenant,99000,60000,0,0,60,750,0,1,34
367463,married,fixed,tenant,122000,57000,0,0,48,1350,0,1,61
367464,married,fixed,owner,111000,90000,10000,0,6,1000,0,1,85
367465,married,freelance,tenant,91000,75000,6000,0,48,4500,1,0,30
367466,single,fixed,tenant,109000,35000,0,0,60,1332,0,1,52
367467,married,freelance,owner,35000,60000,20000,0,36,1000,1,0,73
367468,married,fixed,owner,371000,60000,10000,4350,48,1450,0,1,87
367469,single,fixed,tenant,67000,35000,0,0,42,800,0,1,55
367470,married,freelance,owner,199000,60000,11000,450,60,1350,1,0,90
367471,married,freelance,tenant,107000,45000,4000,0,48,750,1,0,53
367472,single,parttime,tenant,57000,41000,0,0,48,1230,0,0,34
367473,married,fixed,owner,70000,45000,3500,0,30,1200,0,1,73
367474,married,parttime,owner,63000,35000,3500,0,48,890,0,0,68
367475,married,fixed,owner,204000,35000,7000,0,60,1200,0,1,73
367476,married,fixed,owner,185000,45000,10000,0,24,600,0,1,80
367477,married,fixed,owner,115000,75000,20000,100,48,1200,0,1,82
367478,married,freelance,owner,141000,35000,5000,400,36,1000,1,0,77
367479,married,fixed,tenant,81000,75000,4750,0,48,1200,0,1,56
367480,married,fixed,tenant,100000,55000,0,0,60,1000,0,1,63
367481,single,fixed,tenant,96000,35000,0,0,48,1100,0,1,38
367482,married,freelance,owner,161000,45000,3000,0,60,1350,1,0,77
367483,single,fixed,owner,150000,35000,32000,2000,60,1500,0,1,76
367484,married,fixed,tenant,199000,65000,0,0,60,1550,0,1,53
367485,single,fixed,tenant,96000,35000,0,0,24,300,0,1,70
367486,married,fixed,tenant,198000,80000,0,0,24,100,0,1,69
367487,married,freelance,owner,21000,45000,4000,0,60,1050,1,0,75
367488,married,freelance,owner,70000,60000,10000,0,60,700,1,0,83
367489,single,fixed,tenant,50000,35000,0,0,60,1200,0,1,60
367490,married,freelance,owner,121000,35000,8000,3055,60,1400,1,0,60
367491,single,fixed,tenant,58000,41000,0,0,60,1000,0,1,61
367492,single,fixed,tenant,93000,35000,6000,0,48,550,0,1,75
367493,married,fixed,owner,100000,35000,4000,0,36,475,0,1,81
367494,married,fixed,tenant,130000,75000,0,0,36,800,0,1,50
367495,married,freelance,owner,260000,75000,81,0,48,900,1,0,63
367496,single,fixed,tenant,55000,35000,0,0,36,950,0,1,70
367497,married,parttime,owner,110000,35000,3000,0,48,1200,0,0,49
367498,married,freelance,tenant,69000,60000,0,0,24,240,1,0,67
367499,married,freelance,owner,95000,45000,3000,0,60,1000,1,0,84
367500,married,freelance,tenant,232000,75000,5000,0,60,1800,1,0,27
367501,married,freelance,owner,35000,60000,10000,0,36,1200,1,0,85
367502,married,freelance,tenant,156000,51000,0,0,48,1000,1,0,61
367503,single,fixed,tenant,105000,35000,0,0,60,800,0,1,66
367504,married,fixed,tenant,58000,51000,0,0,36,500,0,1,50
367505,married,freelance,owner,89000,60000,5000,0,24,500,1,0,77
367506,single,parttime,tenant,147000,35000,0,0,48,1000,0,0,51
367507,married,fixed,owner,77000,75000,13000,5000,60,1805,0,1,45
367508,married,fixed,owner,66000,60000,5000,0,60,600,0,1,85
367509,married,fixed,tenant,125000,73000,0,0,48,944,0,1,66
367510,married,freelance,owner,150000,45000,13000,0,60,1500,1,0,75
367511,single,parttime,tenant,105000,35000,3000,0,36,750,0,0,61
367512,married,freelance,owner,500000,75000,29500,3500,24,800,1,0,67
367513,single,fixed,tenant,125000,35000,0,0,48,1000,0,1,48
367514,single,parttime,tenant,50000,35000,0,0,18,250,0,0,42
367515,married,fixed,owner,95000,45000,3700,1250,60,1300,0,1,84
367516,married,fixed,tenant,181000,53000,0,0,48,1050,0,1,55
367517,single,fixed,owner,140000,35000,16000,0,60,1000,0,1,69
367518,single,fixed,tenant,75000,35000,0,0,48,850,0,1,68
367519,married,fixed,tenant,182000,75000,3000,0,60,1500,0,1,74
367520,single,fixed,tenant,117000,35000,0,0,30,600,0,1,55
367521,married,fixed,tenant,217000,35000,4000,0,60,750,0,1,72
367522,married,freelance,owner,58000,35000,18000,0,12,500,1,0,91
367523,married,fixed,owner,180000,60000,23000,0,36,400,0,1,96
367524,single,parttime,tenant,110000,45000,0,0,24,900,0,0,34
367525,married,fixed,owner,87000,35000,5000,0,48,600,0,1,55
367526,single,fixed,tenant,75000,35000,0,0,42,900,0,1,48
367527,married,fixed,tenant,198000,60000,0,0,60,1000,0,1,65
367528,married,fixed,owner,233000,60000,15000,2640,60,1400,0,1,72
367529,married,fixed,owner,126000,45000,7000,0,30,500,0,1,58
367530,married,freelance,tenant,43000,105000,3000,0,60,1200,1,0,47
367531,married,fixed,owner,154000,45000,4000,0,60,1350,0,1,87
367532,married,fixed,owner,160000,45000,3500,0,48,1000,0,1,90
367533,single,fixed,tenant,160000,35000,0,0,24,900,0,1,59
367534,married,fixed,owner,70000,45000,7500,0,60,1388,0,1,62
367535,married,fixed,tenant,120000,72000,6000,700,60,1600,0,1,71
367536,married,freelance,owner,80000,45000,7000,3000,36,1000,1,0,65
367537,married,freelance,tenant,90000,54000,0,0,36,600,1,0,61
367538,single,parttime,tenant,120000,35000,0,0,36,250,0,0,34
367539,married,freelance,owner,190000,60000,7000,0,60,1500,1,0,79
367540,married,fixed,owner,130000,60000,6000,0,36,650,0,1,88
367541,married,fixed,owner,111000,35000,3000,0,60,1600,0,1,84
367542,married,fixed,tenant,280000,88000,0,0,60,850,0,1,62
367543,single,fixed,tenant,110000,46000,0,0,60,850,0,1,64
367544,married,freelance,tenant,184000,60000,0,0,36,900,1,0,56
367545,married,fixed,owner,150000,60000,15000,0,60,1000,0,1,87
367546,married,fixed,tenant,150000,60000,1000,0,48,1200,0,1,62
367547,married,parttime,owner,85000,35000,1,0,36,500,0,0,68
367548,married,freelance,owner,200000,60000,7000,0,36,1100,1,0,55
367549,single,fixed,tenant,88000,45000,0,0,48,1200,0,1,74
367550,single,fixed,tenant,58000,35000,12000,0,60,1450,0,1,74
367551,married,fixed,tenant,98000,60000,0,0,48,950,0,1,50
367552,married,fixed,owner,198000,90000,3500,0,60,900,0,1,68
367553,married,freelance,owner,171000,60000,39000,0,60,3000,1,0,56
367554,single,fixed,tenant,150000,35000,0,0,36,1000,0,1,49
367555,single,parttime,tenant,72000,35000,0,0,60,1000,0,0,44
367556,married,freelance,owner,101000,60000,9000,0,6,550,1,0,69
367557,married,fixed,tenant,122000,60000,4000,0,48,1400,0,1,59
367558,married,fixed,owner,306000,60000,4000,0,60,1000,0,1,88
367559,single,freelance,tenant,200000,45000,8500,500,60,1300,1,0,61
367560,married,fixed,owner,107000,60000,6000,2500,60,950,0,1,72
367561,single,parttime,tenant,147000,35000,0,0,24,650,0,0,48
367562,single,fixed,owner,100000,35000,3500,360,60,1050,0,1,55
367563,single,fixed,owner,172000,35000,8000,0,60,850,0,1,79
367564,single,fixed,owner,300000,35000,10000,0,6,750,0,1,68
367565,single,fixed,owner,109000,35000,6000,3300,36,900,0,1,50
367566,single,fixed,owner,345000,35000,6000,0,48,830,0,1,91
367567,single,fixed,owner,92000,35000,3000,0,60,1500,0,1,54
367568,married,fixed,tenant,410000,35000,0,0,60,2000,0,1,46
367569,single,parttime,tenant,70000,35000,0,0,60,1400,0,0,42
367570,single,fixed,tenant,107000,35000,0,0,42,400,0,1,63
367571,married,fixed,owner,115000,45000,3500,0,36,800,0,1,88
367572,single,fixed,tenant,165000,35000,2000,0,60,1000,0,1,55
367573,single,freelance,tenant,200000,75000,3000,0,60,1800,1,0,44
367574,married,fixed,owner,180000,35000,2500,0,24,580,0,1,75
367575,married,fixed,owner,87000,35000,10000,0,36,1150,0,1,74
367576,married,fixed,tenant,154000,75000,4500,0,60,1600,0,1,48
367577,single,freelance,owner,174000,35000,10000,2000,36,600,1,0,67
367578,single,fixed,tenant,60000,35000,0,0,24,900,0,1,60
367579,married,parttime,owner,182000,45000,4000,200,24,175,0,0,73
367580,single,freelance,owner,34000,35000,10000,4800,60,1600,1,0,57
367581,married,freelance,owner,64000,35000,3500,0,60,700,1,0,69
367582,single,freelance,tenant,36000,35000,0,0,36,1000,1,0,42
367583,single,freelance,owner,85000,35000,7500,2600,18,600,1,0,70
367584,single,fixed,tenant,115000,47000,0,0,36,645,0,1,43
367585,married,freelance,tenant,57000,60000,0,0,36,660,1,0,48
367586,married,fixed,owner,215000,60000,7000,0,18,600,0,1,103
367587,married,freelance,owner,273000,45000,7000,0,60,2000,1,0,85
367588,married,freelance,tenant,101000,45000,4000,0,36,1000,1,0,68
367589,single,fixed,tenant,110000,35000,2000,0,60,1500,0,1,69
367590,married,freelance,tenant,44000,35000,0,0,36,1000,1,0,44
367591,married,fixed,tenant,57000,41000,12000,0,36,2500,0,1,55
367592,single,fixed,tenant,163000,35000,0,0,48,1000,0,1,54
367593,married,fixed,tenant,120000,35000,10000,0,24,500,0,1,71
367594,single,fixed,tenant,52000,35000,0,0,60,1050,0,1,49
367595,single,fixed,tenant,136000,59000,0,0,36,450,0,1,67
367596,married,freelance,owner,82000,90000,4000,0,36,1300,1,0,58
367597,married,freelance,tenant,124000,47000,0,0,48,1600,1,0,37
367598,married,fixed,tenant,265000,105000,0,0,12,500,0,1,71
367599,married,fixed,tenant,189000,35000,3000,0,24,800,0,1,56
367600,married,freelance,owner,184000,45000,15000,3000,60,2000,1,0,64
367601,married,freelance,tenant,230000,45000,0,0,36,1700,1,0,57
367602,married,fixed,owner,260000,60000,2500,450,60,1800,0,1,53
367603,single,fixed,tenant,111000,35000,3500,0,36,800,0,1,52
367604,married,fixed,tenant,125000,45000,0,0,48,1000,0,1,78
367605,single,fixed,tenant,440000,35000,0,0,36,550,0,1,73
367606,married,fixed,owner,200000,60000,8000,0,60,1700,0,1,79
367607,married,freelance,tenant,245000,100000,0,0,48,1450,1,0,49
367608,married,freelance,owner,88000,105000,3500,108,60,1000,1,0,61
367609,married,fixed,owner,92000,60000,3000,1600,60,875,0,1,86
367610,married,parttime,tenant,92000,84000,0,0,60,750,0,0,46
367611,married,fixed,owner,130000,60000,3500,0,60,1400,0,1,84
367612,single,fixed,tenant,150000,35000,0,0,60,1350,0,1,48
367613,married,fixed,owner,112000,45000,3500,0,60,1450,0,1,63
367614,married,fixed,owner,134000,60000,3500,0,60,1200,0,1,51
367615,married,fixed,owner,101000,60000,7000,2500,60,1600,0,1,47
367616,married,fixed,owner,143000,35000,5000,0,60,1400,0,1,75
367617,married,fixed,tenant,92000,45000,1500,850,72,1450,0,1,70
367618,married,fixed,tenant,150000,75000,0,0,36,800,0,1,48
367619,single,fixed,tenant,162000,61000,0,0,48,900,0,1,77
367620,married,freelance,owner,45000,60000,2500,0,48,1000,1,0,65
367621,single,fixed,owner,100000,35000,3000,0,24,800,0,1,56
367622,married,fixed,owner,118000,60000,5000,0,48,900,0,1,81
367623,married,parttime,tenant,72000,35000,0,0,36,650,0,0,40
367624,single,freelance,tenant,129000,35000,0,0,12,400,1,0,64
367625,single,parttime,tenant,110000,35000,0,0,36,800,0,0,50
367626,married,freelance,owner,80000,35000,7000,0,36,750,1,0,62
367627,married,fixed,owner,97000,60000,4500,96,36,600,0,1,73
367628,married,fixed,owner,103000,45000,4000,0,60,950,0,1,89
367629,married,fixed,owner,127000,75000,7000,0,36,2500,0,1,71
367630,married,fixed,owner,96000,45000,4000,0,60,960,0,1,55
367631,married,fixed,tenant,94000,60000,8000,840,48,900,0,1,56
367632,single,fixed,tenant,93000,35000,68,0,6,600,0,1,54
367633,single,fixed,tenant,148000,35000,12000,0,60,1150,0,1,69
367634,married,fixed,owner,274000,75000,6000,0,60,1600,0,1,85
367635,married,freelance,tenant,140000,35000,5000,0,60,650,1,0,60
367636,single,freelance,tenant,77000,43000,0,0,48,550,1,0,34
367637,single,fixed,tenant,91000,35000,0,0,36,1000,0,1,52
367638,single,parttime,tenant,85000,44000,0,0,36,325,0,0,48
367639,single,fixed,owner,175000,35000,6000,0,60,1143,0,1,77
367640,married,fixed,tenant,466000,75000,10000,800,24,1678,0,1,70
367641,married,fixed,owner,150000,45000,20000,3000,48,1500,0,1,92
367642,single,parttime,tenant,52000,35000,0,0,48,1200,0,0,39
367643,married,parttime,tenant,72000,52000,0,0,36,350,0,0,50
367644,married,freelance,owner,162000,60000,15000,0,36,400,1,0,69
367645,married,fixed,owner,139000,45000,1800,0,36,715,0,1,97
367646,married,fixed,tenant,105000,35000,0,0,60,1400,0,1,55
367647,married,freelance,owner,93000,45000,45000,0,60,1500,1,0,77
367648,married,freelance,owner,642000,75000,37000,0,48,1000,1,0,93
367649,married,freelance,owner,155000,45000,10500,0,60,1250,1,0,69
367650,married,fixed,owner,120000,35000,4000,0,60,1250,0,1,85
367651,married,freelance,tenant,155000,61000,10000,0,36,1000,1,0,70
367652,single,fixed,owner,165000,35000,8000,1000,48,1300,0,1,72
367653,married,parttime,tenant,150000,35000,0,0,24,500,0,0,62
367654,married,fixed,tenant,105000,56000,0,0,60,1350,0,1,74
367655,single,fixed,tenant,65000,35000,0,0,60,1000,0,1,71
367656,married,fixed,owner,86000,45000,2500,0,12,1000,0,1,94
367657,married,freelance,tenant,49000,45000,0,0,60,1000,1,0,47
367658,married,fixed,tenant,163000,51000,0,0,48,880,0,1,57
367659,married,freelance,tenant,101000,35000,0,0,60,1000,1,0,47
367660,married,fixed,owner,122000,35000,2000,0,6,250,0,1,81
367661,married,fixed,tenant,126000,73000,0,0,36,1000,0,1,75
367662,married,parttime,owner,100000,35000,3000,0,36,1000,0,0,73
367663,married,freelance,tenant,27000,60000,0,0,36,850,1,0,44
367664,married,fixed,owner,167000,75000,7000,2300,36,400,0,1,100
367665,married,fixed,tenant,45000,65000,0,0,48,1300,0,1,68
367666,married,fixed,owner,136000,35000,4000,0,36,350,0,1,74
367667,married,fixed,owner,150000,45000,10500,0,48,1300,0,1,80
367668,married,fixed,owner,32000,45000,7000,90,18,300,0,1,71
367669,married,fixed,owner,130000,45000,4000,0,24,400,0,1,86
367670,married,fixed,owner,218000,45000,5000,2500,60,1600,0,1,72
367671,married,freelance,owner,230000,60000,19400,1781,48,600,1,0,75
367672,married,freelance,owner,104000,35000,7000,2500,60,1350,1,0,78
367673,married,fixed,owner,103000,45000,4000,0,36,325,0,1,78
367674,married,fixed,tenant,118000,47000,0,0,48,1500,0,1,57
367675,married,parttime,tenant,240000,84000,0,0,36,1050,0,0,39
367676,married,fixed,tenant,120000,35000,0,0,36,600,0,1,52
367677,married,fixed,tenant,80000,45000,3500,0,60,1300,0,1,67
367678,single,fixed,tenant,99000,45000,0,0,36,350,0,1,51
367679,married,fixed,owner,254000,45000,6000,0,36,350,0,1,101
367680,married,fixed,owner,167000,35000,4000,0,60,1000,0,1,85
367681,married,fixed,tenant,120000,72000,0,0,60,1150,0,1,43
367682,married,fixed,owner,108000,75000,6000,0,36,1606,0,1,82
367683,married,fixed,owner,152000,60000,7000,0,36,1000,0,1,91
367684,married,freelance,tenant,111000,75000,20000,0,12,1200,1,0,58
367685,married,freelance,owner,228000,45000,10000,0,60,1150,1,0,65
367686,married,fixed,owner,107000,60000,5000,0,48,850,0,1,58
367687,married,fixed,tenant,101000,55000,0,0,60,790,0,1,64
367688,single,fixed,tenant,105000,35000,0,0,36,500,0,1,80
367689,married,parttime,tenant,150000,60000,0,0,48,1000,0,0,42
367690,married,freelance,tenant,165000,45000,4500,0,60,1550,1,0,66
367691,married,fixed,owner,125000,60000,14000,0,60,1000,0,1,56
367692,married,freelance,tenant,240000,69000,25000,0,24,1000,1,0,72
367693,married,fixed,owner,110000,35000,3000,0,48,1000,0,1,79
367694,married,freelance,owner,122000,35000,3500,0,60,1000,1,0,61
367695,married,freelance,tenant,152000,50000,0,0,60,1400,1,0,65
367696,single,fixed,tenant,60000,35000,4000,0,48,600,0,1,73
367697,married,freelance,tenant,90000,44000,0,0,60,1800,1,0,59
367698,married,freelance,owner,40000,35000,17000,0,24,1000,1,0,72
367699,married,freelance,owner,186000,60000,80000,0,60,1600,1,0,94
367700,married,fixed,owner,131000,60000,3500,0,36,1000,0,1,73
367701,single,fixed,tenant,153000,45000,18500,0,24,500,0,1,64
367702,married,freelance,tenant,159000,45000,5100,0,36,600,1,0,53
367703,married,freelance,tenant,100000,60000,9000,0,48,1200,1,0,57
367704,married,freelance,owner,128000,35000,18000,0,60,800,1,0,93
367705,married,freelance,owner,128000,35000,18000,0,60,800,1,0,73
367706,married,fixed,tenant,109000,45000,0,0,60,1050,0,1,47
367707,married,fixed,owner,198000,60000,4600,3500,60,700,0,1,76
367708,married,fixed,tenant,190000,54000,0,0,48,800,0,1,39
367709,married,fixed,owner,73000,35000,2700,0,24,400,0,1,91
367710,single,freelance,tenant,32000,35000,0,0,24,400,1,0,31
367711,single,freelance,owner,192000,35000,6000,3300,60,1550,1,0,38
367712,married,fixed,owner,160000,75000,1500,0,36,900,0,1,90
367713,married,parttime,owner,122000,60000,5000,1000,60,800,0,0,60
367714,married,freelance,owner,84000,35000,4000,0,36,1100,1,0,78
367715,married,fixed,owner,130000,45000,2000,0,48,1400,0,1,85
367716,married,fixed,tenant,169000,60000,2500,300,60,1250,0,1,49
367717,single,fixed,tenant,150000,35000,5500,600,24,500,0,1,73
367718,married,fixed,tenant,142000,59000,0,0,60,700,0,1,77
367719,married,fixed,tenant,101000,75000,40000,0,36,1400,0,1,62
367720,single,fixed,tenant,65000,35000,0,0,36,895,0,1,55
367721,single,parttime,owner,285000,35000,8000,0,60,850,0,0,72
367722,married,fixed,tenant,151000,90000,8000,6300,48,1000,0,1,72
367723,married,parttime,tenant,72000,52000,0,0,48,500,0,0,54
367724,single,fixed,tenant,80000,43000,0,0,60,1500,0,1,56
367725,single,freelance,owner,71000,35000,3000,0,36,950,1,0,43
367726,married,freelance,owner,95000,60000,148,1,48,4000,1,0,24
367727,married,fixed,owner,135000,35000,3500,0,48,200,0,1,75
367728,married,fixed,owner,202000,35000,4000,0,48,800,0,1,70
367729,single,freelance,owner,37000,35000,80000,0,36,1250,1,0,63
367730,single,freelance,owner,25000,35000,13000,4000,36,1000,1,0,50
367731,married,freelance,owner,110000,35000,6000,0,36,1000,1,0,59
367732,married,fixed,owner,103000,45000,4500,0,60,1100,0,1,65
367733,married,fixed,owner,216000,60000,5000,0,60,1000,0,1,77
367734,single,fixed,tenant,75000,35000,0,0,60,1200,0,1,64
367735,married,parttime,tenant,114000,35000,4000,500,60,1150,0,0,24
367736,married,fixed,owner,198000,35000,7000,900,60,1000,0,1,61
367737,married,fixed,tenant,270000,87000,0,0,48,1000,0,1,62
367738,single,freelance,owner,200000,75000,15000,0,12,600,1,0,57
367739,single,fixed,tenant,64000,35000,3000,0,24,700,0,1,63
367740,married,fixed,owner,90000,60000,4000,0,24,200,0,1,94
367741,married,fixed,owner,132000,35000,3000,1400,60,1400,0,1,85
367742,married,fixed,owner,70000,35000,5000,0,60,1050,0,1,65
367743,single,parttime,tenant,164000,35000,0,0,48,1400,0,0,56
367744,married,freelance,owner,68000,60000,5000,0,24,680,1,0,72
367745,married,fixed,tenant,179000,45000,0,0,48,1000,0,1,65
367746,married,freelance,owner,84000,45000,25000,0,60,1500,1,0,60
367747,married,fixed,tenant,164000,35000,5000,1000,60,1500,0,1,50
367748,single,freelance,owner,25000,35000,15000,2520,60,880,1,0,50
367749,single,parttime,tenant,111000,35000,0,0,24,750,0,0,39
367750,married,fixed,owner,123000,45000,3500,0,60,1600,0,1,74
367751,married,fixed,tenant,384000,83000,3000,3000,60,900,0,1,76
367752,married,fixed,tenant,217000,75000,0,0,60,1230,0,1,66
367753,married,fixed,owner,234000,45000,15000,0,30,1250,0,1,98
367754,married,freelance,owner,345000,60000,25000,3000,36,2300,1,0,69
367755,married,freelance,owner,113000,35000,3000,0,60,1300,1,0,81
367756,married,fixed,tenant,182000,45000,0,0,48,1200,0,1,53
367757,single,fixed,tenant,126000,35000,0,0,48,850,0,1,68
367758,single,freelance,owner,99000,45000,2000,0,36,750,1,0,59
367759,single,fixed,tenant,170000,35000,2000,0,24,500,0,1,82
367760,married,fixed,owner,184000,45000,4000,0,48,1000,0,1,87
367761,married,parttime,owner,147000,75000,6000,2000,60,750,0,0,71
367762,married,fixed,owner,200000,60000,6500,0,36,1370,0,1,69
367763,married,fixed,owner,42000,45000,15000,4800,60,1500,0,1,80
367764,married,fixed,tenant,69000,67000,0,0,60,1200,0,1,44
367765,single,parttime,tenant,93000,44000,0,0,36,800,0,0,31
367766,married,freelance,owner,69000,45000,3500,1500,36,600,1,0,71
367767,single,fixed,tenant,245000,35000,0,0,48,1126,0,1,55
367768,married,fixed,tenant,88000,54000,0,0,36,500,0,1,57
367769,married,fixed,owner,150000,35000,2500,400,60,2000,0,1,83
367770,single,freelance,tenant,42000,35000,0,0,12,200,1,0,57
367771,married,freelance,owner,176000,45000,16200,0,48,1400,1,0,85
367772,married,fixed,tenant,64000,41000,0,0,24,200,0,1,52
367773,single,freelance,tenant,277000,35000,5000,0,12,1700,1,0,58
367774,married,fixed,tenant,55000,35000,8000,5500,60,2000,0,1,53
367775,single,fixed,owner,97000,35000,3216,0,24,1000,0,1,70
367776,married,fixed,owner,230000,45000,15000,0,60,1200,0,1,95
367777,married,fixed,owner,125000,60000,5000,0,12,400,0,1,92
367778,married,fixed,tenant,92000,44000,0,0,48,1300,0,1,72
367779,single,fixed,tenant,87000,44000,0,0,60,1200,0,1,47
367780,single,fixed,owner,126000,35000,15000,0,60,1350,0,1,57
367781,single,fixed,tenant,134000,35000,0,0,36,300,0,1,80
367782,married,freelance,owner,77000,60000,44000,0,36,2220,1,0,82
367783,single,freelance,tenant,85000,35000,0,0,60,948,1,0,52
367784,married,fixed,owner,203000,45000,8000,4000,36,900,0,1,95
367785,single,parttime,tenant,47000,35000,0,0,18,400,0,0,34
367786,married,fixed,tenant,230000,98000,0,0,48,650,0,1,76
367787,married,freelance,owner,102000,45000,6000,0,24,1000,1,0,84
367788,single,parttime,tenant,267000,35000,0,0,60,2400,0,0,33
367789,married,fixed,tenant,116000,60000,4000,1500,24,800,0,1,68
367790,married,fixed,owner,352000,60000,5000,0,60,1300,0,1,75
367791,single,fixed,tenant,170000,52000,0,0,60,1300,0,1,51
367792,married,fixed,owner,92000,45000,4000,0,60,950,0,1,83
367793,married,fixed,tenant,112000,60000,2000,1000,48,900,0,1,36
367794,single,fixed,tenant,138000,104000,5000,300,60,1700,0,1,44
367795,married,freelance,tenant,134000,35000,0,0,12,900,1,0,55
367796,single,fixed,tenant,90000,35000,0,0,36,500,0,1,71
367797,single,freelance,tenant,84000,105000,2500,500,36,700,1,0,41
367798,married,parttime,tenant,72000,42000,0,0,36,700,0,0,35
367799,single,fixed,tenant,200000,35000,0,0,36,1100,0,1,63
367800,married,freelance,tenant,45000,60000,0,0,60,1400,1,0,46
367801,married,parttime,owner,136000,35000,5000,1600,48,900,0,0,61
367802,married,fixed,owner,125000,35000,4000,0,60,1000,0,1,78
367803,married,freelance,owner,78000,35000,12000,2000,36,1000,1,0,69
367804,married,freelance,tenant,140000,35000,0,0,60,1400,1,0,62
367805,single,freelance,tenant,106000,35000,3500,0,60,1000,1,0,50
367806,married,fixed,tenant,197000,65000,0,0,48,400,0,1,82
367807,single,fixed,owner,122000,35000,5000,0,48,900,0,1,76
367808,married,parttime,tenant,85000,35000,1500,0,60,1270,0,0,34
367809,single,fixed,owner,87000,35000,15000,0,60,1000,0,1,71
367810,married,freelance,owner,93000,60000,20000,0,18,950,1,0,67
367811,single,fixed,tenant,86000,35000,0,0,36,700,0,1,61
367812,married,freelance,tenant,109000,35000,2000,0,48,500,1,0,62
367813,single,fixed,tenant,53000,35000,5000,0,30,1000,0,1,69
367814,married,freelance,owner,341000,45000,38000,0,48,1600,1,0,93
367815,single,fixed,tenant,91000,35000,0,0,36,1000,0,1,72
367816,married,fixed,owner,105000,45000,3000,0,60,250,0,1,86
367817,single,fixed,tenant,147000,35000,0,0,60,1080,0,1,59
367818,single,parttime,tenant,335000,35000,0,0,36,600,0,0,52
367819,married,fixed,tenant,173000,35000,0,0,48,1600,0,1,65
367820,single,fixed,tenant,147000,60000,0,0,60,1050,0,1,48
367821,married,fixed,owner,260000,75000,24000,0,60,1400,0,1,97
367822,married,parttime,tenant,100000,55000,0,0,36,650,0,0,56
367823,single,fixed,owner,264000,45000,25000,1700,48,1000,0,1,90
367824,married,fixed,owner,132000,45000,15000,0,24,850,0,1,81
367825,single,fixed,tenant,53000,35000,80000,0,60,1150,0,1,66
367826,married,fixed,owner,123000,35000,25000,0,60,1800,0,1,65
367827,married,fixed,tenant,292000,45000,1,0,60,950,0,1,84
367828,married,fixed,tenant,100000,45000,0,0,60,1400,0,1,45
367829,single,freelance,owner,135000,35000,2500,0,60,650,1,0,45
367830,married,parttime,owner,90000,35000,3000,1500,60,1200,0,0,57
367831,married,fixed,tenant,60000,45000,3000,0,12,1000,0,1,37
367832,married,fixed,owner,152000,35000,3500,0,48,1050,0,1,94
367833,married,freelance,owner,145000,60000,10000,0,24,1000,1,0,72
367834,single,fixed,tenant,80000,35000,0,0,60,1570,0,1,48
367835,married,fixed,owner,110000,35000,5000,0,48,1500,0,1,74
367836,married,fixed,tenant,172000,35000,0,0,36,1100,0,1,51
367837,married,fixed,tenant,115000,60000,0,0,24,400,0,1,65
367838,married,fixed,owner,190000,75000,20000,0,36,1000,0,1,85
367839,married,fixed,owner,56000,35000,6000,0,60,1100,0,1,85
367840,married,fixed,owner,298000,90000,10000,3500,48,500,0,1,74
367841,married,fixed,owner,72000,35000,6000,0,60,1150,0,1,65
367842,married,parttime,tenant,80000,43000,0,0,12,200,0,0,46
367843,married,freelance,owner,184000,35000,17000,3000,36,500,1,0,93
367844,single,fixed,owner,233000,45000,10000,0,60,850,0,1,68
367845,married,fixed,tenant,355000,60000,12000,0,60,1900,0,1,68
367846,single,fixed,tenant,32000,35000,0,0,48,700,0,1,50
367847,single,parttime,tenant,49000,35000,0,0,60,1250,0,0,44
367848,married,fixed,owner,185000,35000,3000,0,36,1600,0,1,76
367849,single,fixed,tenant,115000,47000,0,0,60,1000,0,1,63
367850,single,freelance,tenant,73000,35000,0,0,60,800,1,0,36
367851,single,fixed,owner,119000,60000,15000,0,48,800,0,1,56
367852,married,fixed,tenant,219000,45000,1000,0,60,1000,0,1,57
367853,married,fixed,owner,105000,60000,3000,0,48,500,0,1,83
367854,married,fixed,tenant,267000,35000,0,0,60,1700,0,1,61
367855,married,fixed,tenant,134000,48000,0,0,60,1000,0,1,60
367856,married,parttime,owner,40000,45000,4500,80,60,800,0,0,73
367857,single,fixed,tenant,184000,35000,4700,700,60,1400,0,1,59
367858,married,parttime,tenant,90000,35000,0,0,60,1370,0,0,41
367859,married,parttime,tenant,119000,47000,0,0,60,1040,0,0,51
367860,single,freelance,tenant,170000,35000,4000,0,60,1000,1,0,50
367861,married,fixed,tenant,118000,45000,4000,0,60,1300,0,1,77
367862,single,freelance,tenant,85000,35000,0,0,12,240,1,0,73
367863,single,fixed,tenant,95000,35000,0,0,36,1000,0,1,63
367864,married,fixed,tenant,133000,58000,0,0,48,1500,0,1,67
367865,single,fixed,tenant,81000,35000,0,0,30,600,0,1,67
367866,married,fixed,tenant,190000,35000,9900,2000,60,700,0,1,58
367867,married,fixed,owner,191000,60000,5000,0,60,600,0,1,83
367868,married,parttime,tenant,70000,45000,2500,0,24,390,0,0,40
367869,married,fixed,tenant,127000,48000,0,0,48,500,0,1,77
367870,married,freelance,tenant,84000,60000,0,0,60,900,1,0,37
367871,married,freelance,owner,142000,60000,14000,0,60,1889,1,0,56
367872,married,fixed,owner,125000,35000,10000,0,60,1000,0,1,83
367873,single,fixed,tenant,178000,53000,0,0,48,1200,0,1,71
367874,married,fixed,owner,240000,60000,2000,0,48,1750,0,1,79
367875,married,fixed,owner,125000,45000,3500,1500,36,650,0,1,97
367876,married,fixed,tenant,80000,43000,0,0,54,1000,0,1,51
367877,married,freelance,owner,200000,45000,15000,3500,48,1650,1,0,56
367878,single,freelance,tenant,94000,35000,0,0,12,800,1,0,52
367879,married,fixed,owner,70000,35000,3000,750,36,650,0,1,86
367880,married,freelance,tenant,110000,60000,8000,0,60,2200,1,0,20
367881,married,fixed,owner,110000,35000,12000,1600,36,1400,0,1,66
367882,married,fixed,owner,132000,35000,5000,2400,60,650,0,1,91
367883,married,fixed,tenant,168000,45000,11500,4000,36,250,0,1,84
367884,married,freelance,tenant,64000,60000,25000,0,36,1500,1,0,58
367885,married,freelance,tenant,19000,90000,5000,0,24,800,1,0,40
367886,married,fixed,tenant,100000,70000,0,0,24,700,0,1,60
367887,married,fixed,tenant,130000,45000,0,0,36,600,0,1,69
367888,married,freelance,tenant,95000,60000,4300,0,48,1250,1,0,60
367889,single,freelance,tenant,70000,45000,4000,0,60,1000,1,0,47
367890,married,fixed,tenant,383000,83000,0,0,36,800,0,1,56
367891,married,fixed,owner,63000,45000,5000,350,48,1000,0,1,81
367892,single,parttime,tenant,215000,35000,15000,0,48,1100,0,0,43
367893,single,fixed,tenant,104000,35000,2500,2000,60,1048,0,1,75
367894,married,fixed,tenant,164000,45000,0,0,48,1100,0,1,55
367895,married,freelance,owner,209000,75000,25000,0,30,1100,1,0,72
367896,single,parttime,tenant,53000,35000,0,0,48,1250,0,0,40
367897,married,freelance,owner,261000,60000,12000,0,12,400,1,0,100
367898,married,fixed,tenant,142000,59000,1000,0,60,1250,0,1,57
367899,married,fixed,owner,182000,45000,5000,0,60,1500,0,1,73
367900,married,fixed,tenant,92000,54000,0,0,60,1450,0,1,53
367901,married,fixed,tenant,100000,60000,2500,800,60,1000,0,1,64
367902,married,freelance,tenant,121000,47000,0,0,60,900,1,0,66
367903,married,fixed,tenant,130000,45000,0,0,60,1250,0,1,52
367904,married,fixed,tenant,123000,35000,2000,0,60,1600,0,1,48
367905,married,fixed,owner,78000,60000,6000,0,60,1130,0,1,68
367906,single,freelance,tenant,41000,35000,0,0,36,200,1,0,69
367907,single,fixed,tenant,113000,35000,4000,0,48,990,0,1,75
367908,married,fixed,tenant,160000,45000,3000,1200,60,900,0,1,81
367909,married,fixed,owner,86000,35000,4000,0,48,900,0,1,86
367910,married,fixed,tenant,100000,35000,0,0,60,1500,0,1,71
367911,single,fixed,tenant,100000,35000,0,0,36,650,0,1,69
367912,married,parttime,tenant,92000,60000,3500,0,60,1000,0,0,45
367913,married,freelance,owner,134000,35000,3000,0,48,4000,1,0,47
367914,married,fixed,tenant,194000,45000,3500,1000,60,700,0,1,69
367915,single,freelance,owner,135000,45000,10000,0,36,1250,1,0,55
367916,single,parttime,tenant,65000,35000,0,0,60,1500,0,0,34
367917,married,freelance,tenant,189000,45000,0,0,60,2000,1,0,51
367918,married,fixed,owner,200000,45000,15000,0,48,1300,0,1,70
367919,married,fixed,owner,158000,35000,14000,0,36,700,0,1,74
367920,married,fixed,owner,97000,35000,3500,0,24,225,0,1,85
367921,married,fixed,tenant,180000,35000,0,0,60,1300,0,1,71
367922,married,fixed,owner,180000,60000,4500,0,24,590,0,1,96
367923,married,fixed,owner,119000,45000,4000,0,60,2000,0,1,62
367924,married,fixed,tenant,130000,45000,3000,500,48,500,0,1,84
367925,married,fixed,owner,139000,105000,2500,0,48,750,0,1,95
367926,single,fixed,owner,117000,35000,9000,0,24,500,0,1,80
367927,married,fixed,owner,145000,60000,5000,2400,60,1200,0,1,48
367928,married,fixed,tenant,57000,60000,2500,0,48,900,0,1,71
367929,married,fixed,tenant,210000,56000,0,0,60,1350,0,1,75
367930,married,freelance,tenant,296000,90000,0,0,48,1450,1,0,65
367931,single,fixed,owner,150000,45000,21000,0,60,1150,0,1,61
367932,married,fixed,tenant,100000,60000,3500,540,60,970,0,1,68
367933,married,fixed,tenant,205000,35000,0,0,48,800,0,1,73
367934,married,freelance,owner,93000,75000,4000,0,24,400,1,0,75
367935,married,fixed,tenant,84000,68000,0,0,36,400,0,1,54
367936,single,parttime,tenant,77000,35000,0,0,36,800,0,0,52
367937,married,fixed,owner,140000,60000,12000,240,18,250,0,1,62
367938,single,fixed,tenant,141000,49000,0,0,36,700,0,1,78
367939,married,fixed,tenant,86000,60000,800,0,24,250,0,1,79
367940,married,fixed,owner,125000,35000,3000,1600,48,1000,0,1,70
367941,single,freelance,tenant,99000,35000,1200,0,12,200,1,0,57
367942,married,fixed,owner,93000,60000,3500,0,60,1190,0,1,76
367943,married,freelance,tenant,42000,64000,15000,0,36,1300,1,0,27
367944,married,freelance,tenant,69000,45000,0,0,60,1300,1,0,40
367945,single,fixed,tenant,100000,35000,0,0,12,475,0,1,68
367946,married,fixed,tenant,211000,66000,0,0,60,1950,0,1,68
367947,married,fixed,tenant,68000,45000,3000,0,18,200,0,1,78
367948,single,fixed,owner,240000,35000,6500,0,60,1795,0,1,70
367949,married,freelance,owner,112000,60000,4500,0,36,700,1,0,67
367950,married,fixed,owner,85000,45000,3500,0,30,250,0,1,85
367951,married,fixed,owner,122000,45000,4000,0,48,1000,0,1,68
367952,single,fixed,tenant,250000,60000,0,0,60,1650,0,1,54
367953,married,fixed,tenant,325000,168000,0,0,48,860,0,1,51
367954,single,fixed,tenant,55000,35000,12000,0,48,750,0,1,82
367955,married,freelance,tenant,47000,35000,4000,350,18,375,1,0,60
367956,single,fixed,tenant,120000,35000,0,0,60,900,0,1,67
367957,married,freelance,owner,74000,35000,36,0,48,500,1,0,57
367958,married,freelance,owner,39000,75000,10000,0,36,800,1,0,65
367959,married,freelance,owner,126000,60000,4000,0,42,2000,1,0,70
367960,married,parttime,owner,150000,35000,5000,3130,48,1000,0,0,70
367961,married,freelance,tenant,98000,45000,10000,0,48,1200,1,0,45
367962,married,freelance,tenant,109000,46000,0,0,36,400,1,0,47
367963,married,fixed,tenant,77000,45000,4000,0,60,1300,0,1,53
367964,single,freelance,tenant,65000,52000,0,0,36,500,1,0,46
367965,married,fixed,tenant,140000,74000,0,0,36,850,0,1,62
367966,married,parttime,tenant,107000,35000,3000,2500,60,1000,0,0,48
367967,single,fixed,tenant,181000,35000,2000,0,60,1400,0,1,67
367968,married,parttime,owner,77000,45000,2500,0,60,1000,0,0,66
367969,married,freelance,owner,241000,60000,6500,51,48,900,1,0,80
367970,married,fixed,owner,350000,45000,74,0,36,1000,0,1,74
367971,single,fixed,tenant,149000,45000,6500,0,24,850,0,1,81
367972,married,parttime,tenant,203000,60000,0,0,36,600,0,0,45
367973,married,fixed,owner,158000,35000,6000,4380,60,1400,0,1,72
367974,married,parttime,owner,90000,75000,4000,2880,60,2000,0,0,53
367975,married,fixed,owner,150000,60000,3500,270,60,1000,0,1,55
367976,married,fixed,tenant,93000,54000,0,0,60,450,0,1,59
367977,married,freelance,tenant,104000,60000,5000,0,60,1300,1,0,42
367978,married,freelance,owner,95000,35000,7000,0,24,800,1,0,59
367979,married,fixed,owner,218000,35000,8000,0,60,1500,0,1,82
367980,married,freelance,owner,214000,60000,8000,0,36,1400,1,0,60
367981,married,fixed,tenant,70000,42000,0,0,48,1100,0,1,50
367982,married,freelance,tenant,125000,45000,0,0,24,400,1,0,58
367983,married,fixed,owner,110000,45000,4500,900,60,1300,0,1,89
367984,married,fixed,tenant,140000,89000,0,0,60,1250,0,1,55
367985,single,freelance,tenant,79000,35000,0,0,48,1400,1,0,43
367986,married,fixed,owner,123000,60000,5000,0,24,1000,0,1,86
367987,single,fixed,tenant,120000,87000,0,0,60,1400,0,1,50
367988,married,fixed,tenant,100000,45000,0,0,60,1385,0,1,53
367989,single,freelance,owner,85000,35000,15000,0,12,1000,1,0,70
367990,single,fixed,tenant,75000,35000,13000,0,48,1000,0,1,62
367991,married,freelance,owner,77000,45000,4000,0,60,1750,1,0,57
367992,married,freelance,owner,86000,60000,148,1,36,700,1,0,62
367993,single,freelance,tenant,55000,41000,0,0,60,1350,1,0,18
367994,married,parttime,tenant,60000,75000,0,0,60,1100,0,0,36
367995,married,fixed,owner,173000,45000,4500,3000,48,300,0,1,75
367996,married,freelance,owner,225000,45000,9000,0,60,1500,1,0,75
367997,married,freelance,tenant,105000,45000,25000,0,48,1900,1,0,65
367998,married,fixed,tenant,95000,75000,0,0,60,1200,0,1,54
367999,married,fixed,owner,75000,45000,4000,0,36,800,0,1,94
368000,single,parttime,tenant,158000,51000,0,0,48,1300,0,0,35
368001,married,freelance,tenant,346000,60000,35000,0,36,1900,1,0,65
368002,married,fixed,tenant,61000,66000,0,0,60,1100,0,1,53
368003,single,freelance,owner,260000,35000,101,0,24,900,1,0,59
368004,married,parttime,tenant,72000,82000,0,0,36,850,0,0,30
368005,married,fixed,owner,207000,35000,10000,0,24,550,0,1,85
368006,married,fixed,tenant,195000,60000,800,0,60,1800,0,1,75
368007,single,fixed,owner,67000,35000,40000,500,60,1200,0,1,65
368008,married,fixed,owner,105000,60000,7000,3700,60,1200,0,1,75
368009,single,parttime,tenant,103000,35000,0,0,48,820,0,0,37
368010,single,fixed,tenant,75000,35000,0,0,48,1050,0,1,52
368011,single,freelance,tenant,34000,35000,0,0,24,1700,1,0,22
368012,married,fixed,owner,97000,90000,5800,0,36,500,0,1,92
368013,married,fixed,tenant,135000,49000,0,0,60,1200,0,1,64
368014,married,freelance,owner,80000,60000,4000,0,36,350,1,0,85
368015,married,freelance,tenant,121000,72000,0,0,60,2000,1,0,55
368016,married,freelance,owner,71000,35000,5000,0,36,800,1,0,69
368017,married,fixed,owner,125000,60000,2000,0,36,450,0,1,82
368018,married,fixed,owner,170000,35000,6000,0,36,700,0,1,82
368019,married,freelance,owner,81000,75000,6000,0,48,1000,1,0,62
368020,married,fixed,owner,190000,60000,4500,1200,60,1575,0,1,92
368021,married,fixed,owner,475000,75000,5000,0,60,1300,0,1,94
368022,single,fixed,tenant,89000,35000,0,0,60,1400,0,1,67
368023,married,fixed,tenant,140000,35000,0,0,60,2000,0,1,71
368024,married,fixed,tenant,200000,80000,0,0,60,1200,0,1,49
368025,married,parttime,tenant,88000,44000,0,0,36,450,0,0,62
368026,single,freelance,tenant,164000,35000,0,0,36,1300,1,0,67
368027,married,freelance,tenant,180000,108000,12000,8000,48,1000,1,0,63
368028,married,freelance,owner,83000,60000,7500,0,48,1200,1,0,66
368029,married,fixed,tenant,110000,60000,2500,400,48,1000,0,1,52
368030,single,fixed,tenant,100000,35000,0,0,60,1600,0,1,55
368031,single,fixed,tenant,125000,35000,0,0,24,750,0,1,62
368032,married,fixed,tenant,159000,45000,5000,0,48,1200,0,1,71
368033,married,freelance,tenant,105000,46000,5000,0,60,1000,1,0,65
368034,married,freelance,owner,140000,35000,7500,0,60,350,1,0,89
368035,married,fixed,owner,120000,75000,3000,0,36,250,0,1,86
368036,married,fixed,tenant,100000,35000,2000,200,60,1220,0,1,44
368037,married,freelance,owner,142000,60000,5000,0,48,650,1,0,71
368038,married,freelance,owner,314000,45000,18000,0,36,2800,1,0,44
368039,married,parttime,tenant,64000,41000,0,0,60,1450,0,0,48
368040,married,freelance,owner,47000,60000,4000,0,36,800,1,0,84
368041,married,parttime,owner,50000,60000,15000,0,60,1300,0,0,49
368042,married,fixed,owner,120000,60000,4500,870,60,900,0,1,85
368043,married,freelance,owner,250000,45000,10000,0,60,1000,1,0,87
368044,married,parttime,tenant,130000,75000,0,0,60,1450,0,0,37
368045,married,fixed,owner,142000,45000,4500,300,36,370,0,1,67
368046,married,parttime,tenant,88000,54000,0,0,36,600,0,0,49
368047,married,fixed,owner,121000,60000,5000,0,30,650,0,1,99
368048,single,freelance,tenant,65000,35000,3000,0,48,800,1,0,68
368049,single,fixed,owner,80000,35000,2500,900,60,1100,0,1,69
368050,married,fixed,owner,125000,45000,5000,0,48,1285,0,1,63
368051,married,freelance,owner,245000,60000,30000,0,24,2400,1,0,58
368052,married,fixed,tenant,247000,100000,0,0,60,1700,0,1,35
368053,married,fixed,tenant,80000,60000,0,0,48,1100,0,1,71
368054,married,fixed,owner,183000,35000,10000,2200,60,1300,0,1,91
368055,married,fixed,tenant,163000,61000,5000,900,60,1650,0,1,66
368056,single,parttime,tenant,60000,35000,0,0,24,800,0,0,30
368057,married,parttime,tenant,169000,60000,1500,0,36,690,0,0,25
368058,married,fixed,owner,96000,60000,6000,800,42,1700,0,1,62
368059,married,parttime,owner,59000,45000,3000,1600,48,500,0,0,52
368060,married,freelance,owner,189000,60000,5000,0,60,1370,1,0,61
368061,married,fixed,tenant,119000,35000,0,0,36,1000,0,1,63
368062,single,freelance,tenant,63000,35000,15000,0,36,2000,1,0,66
368063,single,fixed,tenant,102000,35000,4000,0,24,250,0,1,81
368064,single,fixed,tenant,72000,42000,0,0,36,325,0,1,76
368065,single,freelance,tenant,127000,48000,0,0,36,650,1,0,54
368066,single,fixed,tenant,51000,35000,0,0,36,325,0,1,47
368067,married,fixed,tenant,130000,58000,2000,0,42,1000,0,1,41
368068,single,fixed,tenant,83000,35000,0,0,60,1050,0,1,55
368069,married,fixed,owner,100000,35000,5000,0,60,1600,0,1,65
368070,married,fixed,owner,115000,45000,300,0,24,600,0,1,81
368071,married,fixed,owner,160000,35000,2000,0,36,550,0,1,70
368072,single,fixed,tenant,98000,35000,0,0,48,500,0,1,59
368073,married,fixed,tenant,120000,47000,0,0,36,1250,0,1,75
368074,single,parttime,tenant,82000,35000,0,0,48,1050,0,0,14
368075,married,fixed,owner,115000,90000,2500,350,60,1200,0,1,62
368076,married,fixed,tenant,137000,45000,5000,0,60,1350,0,1,52
368077,married,fixed,tenant,48000,35000,6500,0,48,900,0,1,74
368078,married,freelance,owner,232000,60000,110000,0,18,1800,1,0,70
368079,single,parttime,tenant,72000,35000,0,0,48,1078,0,0,42
368080,married,fixed,owner,143000,35000,10000,0,24,3000,0,1,66
368081,single,freelance,tenant,107000,35000,0,0,60,1250,1,0,57
368082,married,freelance,owner,180000,35000,5000,0,36,375,1,0,91
368083,single,fixed,tenant,65000,35000,0,0,36,600,0,1,68
368084,single,freelance,tenant,124000,35000,4000,0,48,2370,1,0,45
368085,single,parttime,tenant,103000,35000,8000,0,60,1070,0,0,44
368086,single,fixed,owner,120000,35000,8000,0,60,975,0,1,55
368087,married,fixed,tenant,60000,45000,0,0,18,750,0,1,56
368088,married,fixed,tenant,80000,35000,2000,0,60,1200,0,1,69
368089,single,fixed,owner,87000,35000,10000,0,60,1400,0,1,77
368090,married,freelance,owner,85000,60000,5000,0,24,500,1,0,74
368091,married,fixed,owner,143000,60000,5000,0,60,850,0,1,81
368092,married,fixed,tenant,125000,58000,0,0,36,1100,0,1,50
368093,married,fixed,owner,290000,75000,15000,0,60,775,0,1,92
368094,married,fixed,owner,350000,45000,4000,0,36,800,0,1,82
368095,married,fixed,owner,151000,45000,7500,0,24,800,0,1,58
368096,married,freelance,owner,139000,60000,6000,0,60,1200,1,0,74
368097,married,fixed,owner,178000,45000,25000,700,60,800,0,1,81
368098,single,freelance,tenant,94000,35000,0,0,48,720,1,0,70
368099,single,fixed,owner,352000,35000,30000,0,36,750,0,1,78
368100,married,freelance,tenant,24000,77000,0,0,60,1700,1,0,40
368101,single,fixed,tenant,80000,35000,3500,0,48,1100,0,1,36
368102,married,fixed,tenant,102000,45000,0,0,36,350,0,1,57
368103,married,fixed,tenant,175000,35000,55,0,60,700,0,1,53
368104,married,fixed,owner,140000,60000,4000,0,60,1500,0,1,67
368105,married,fixed,owner,114000,60000,11800,0,48,1300,0,1,92
368106,single,fixed,tenant,176000,35000,8000,0,18,1200,0,1,77
368107,single,fixed,tenant,73000,35000,3000,0,36,1000,0,1,75
368108,married,fixed,owner,233000,60000,6000,2000,60,1980,0,1,63
368109,married,freelance,owner,92000,60000,6000,0,48,1300,1,0,46
368110,married,fixed,owner,73000,35000,4000,2000,60,1700,0,1,67
368111,married,freelance,owner,124000,60000,26000,300,24,3000,1,0,58
368112,single,fixed,tenant,120000,47000,0,0,48,900,0,1,54
368113,single,fixed,tenant,82000,35000,0,0,48,1550,0,1,56
368114,single,fixed,owner,75000,45000,7000,0,60,1070,0,1,54
368115,married,fixed,owner,250000,35000,6000,0,24,450,0,1,100
368116,single,parttime,tenant,50000,35000,0,0,36,1750,0,0,15
368117,married,fixed,tenant,195000,45000,0,0,36,525,0,1,63
368118,married,freelance,owner,141000,60000,8000,12,36,1600,1,0,65
368119,single,parttime,tenant,90000,35000,0,0,24,900,0,0,31
368120,married,freelance,owner,178000,45000,30000,9500,48,2400,1,0,42
368121,single,fixed,tenant,274000,35000,0,0,48,2000,0,1,44
368122,married,fixed,owner,85000,45000,4000,0,48,600,0,1,83
368123,single,freelance,tenant,195000,55000,0,0,24,400,1,0,33
368124,single,parttime,tenant,70000,35000,2000,0,36,1050,0,0,56
368125,married,freelance,owner,232000,35000,30000,0,60,1900,1,0,73
368126,married,fixed,tenant,150000,35000,0,0,60,1300,0,1,59
368127,married,fixed,tenant,108000,46000,0,0,36,475,0,1,66
368128,married,fixed,owner,150000,45000,10000,0,60,1000,0,1,74
368129,married,fixed,owner,335000,75000,8000,0,48,1800,0,1,84
368130,married,fixed,tenant,151000,50000,0,0,60,900,0,1,69
368131,married,fixed,tenant,109000,56000,0,0,36,400,0,1,54
368132,married,fixed,tenant,125000,60000,0,0,60,1100,0,1,50
368133,married,fixed,tenant,160000,51000,0,0,48,1100,0,1,53
368134,single,fixed,tenant,82000,35000,0,0,24,400,0,1,79
368135,married,fixed,tenant,199000,55000,0,0,60,1250,0,1,53
368136,married,fixed,tenant,111000,46000,0,0,60,1200,0,1,68
368137,married,fixed,owner,310000,60000,20000,600,48,1700,0,1,62
368138,married,freelance,tenant,167000,45000,0,0,48,1300,1,0,62
368139,single,fixed,tenant,57000,35000,0,0,60,600,0,1,49
368140,married,parttime,tenant,95000,60000,0,0,36,1000,0,0,50
368141,single,fixed,owner,103000,35000,4500,2000,60,1200,0,1,47
368142,married,fixed,tenant,120000,57000,0,0,48,1000,0,1,62
368143,single,fixed,tenant,65000,35000,0,0,36,500,0,1,76
368144,married,fixed,tenant,90000,54000,0,0,36,1500,0,1,31
368145,married,parttime,tenant,116000,72000,0,0,48,860,0,0,58
368146,married,parttime,owner,75000,60000,5500,1500,60,1400,0,0,57
368147,married,freelance,owner,93000,60000,6500,2235,12,500,1,0,68
368148,married,parttime,owner,90000,35000,7000,0,24,265,0,0,70
368149,single,fixed,tenant,64000,35000,0,0,48,1500,0,1,53
368150,single,fixed,tenant,190000,35000,2500,0,60,1400,0,1,52
368151,married,fixed,tenant,95000,55000,0,0,60,850,0,1,50
368152,single,fixed,owner,76000,35000,4000,1500,48,800,0,1,64
368153,married,parttime,owner,74000,35000,5000,2500,60,1550,0,0,46
368154,single,fixed,tenant,78000,35000,0,0,60,1500,0,1,60
368155,married,freelance,tenant,134000,45000,6000,0,60,1600,1,0,44
368156,married,fixed,owner,108000,45000,9000,0,48,1150,0,1,71
368157,married,fixed,owner,212000,90000,11000,0,60,1150,0,1,89
368158,married,freelance,tenant,128000,35000,0,0,60,1100,1,0,66
368159,married,fixed,tenant,155000,60000,0,0,60,1650,0,1,50
368160,married,fixed,owner,83000,75000,3000,0,12,600,0,1,69
368161,married,fixed,owner,100000,45000,3500,0,60,1300,0,1,82
368162,married,fixed,tenant,179000,78000,0,0,48,1150,0,1,70
368163,married,fixed,owner,85000,35000,10000,0,36,1000,0,1,71
368164,single,parttime,tenant,96000,35000,0,0,60,700,0,0,40
368165,married,freelance,owner,33000,35000,6000,0,48,850,1,0,76
368166,married,freelance,owner,101000,35000,5000,0,60,820,1,0,87
368167,married,freelance,owner,178000,35000,15000,0,36,330,1,0,79
368168,married,fixed,owner,85000,35000,5500,900,60,1500,0,1,65
368169,married,fixed,tenant,47000,35000,8000,0,48,1000,0,1,76
368170,single,fixed,tenant,88000,44000,0,0,48,1000,0,1,65
368171,married,fixed,tenant,156000,51000,0,0,48,1500,0,1,52
368172,single,parttime,tenant,45000,35000,0,0,60,400,0,0,56
368173,married,fixed,owner,121000,45000,3144,1751,36,225,0,1,88
368174,married,fixed,owner,295000,35000,6000,0,60,1950,0,1,97
368175,married,fixed,owner,120000,75000,5000,2000,60,400,0,1,66
368176,married,fixed,tenant,188000,79000,3000,1500,60,1350,0,1,72
368177,married,fixed,tenant,131000,73000,0,0,36,200,0,1,47
368178,married,fixed,owner,181000,45000,3500,270,48,900,0,1,86
368179,married,fixed,tenant,72000,60000,0,0,60,200,0,1,61
368180,married,fixed,owner,150000,60000,10000,0,36,1350,0,1,96
368181,single,fixed,tenant,100000,35000,0,0,48,800,0,1,53
368182,married,freelance,owner,131000,35000,12000,0,60,1150,1,0,76
368183,married,fixed,owner,62000,45000,7000,4500,60,1650,0,1,53
368184,single,parttime,owner,125000,35000,3000,0,48,600,0,0,45
368185,single,fixed,tenant,62000,35000,0,0,36,250,0,1,63
368186,single,fixed,owner,158000,75000,6000,0,12,400,0,1,60
368187,married,fixed,owner,270000,45000,25000,0,36,900,0,1,76
368188,married,parttime,tenant,150000,60000,4000,0,60,1000,0,0,46
368189,married,freelance,owner,149000,60000,8000,3000,36,950,1,0,47
368190,married,fixed,owner,225000,60000,6000,0,12,400,0,1,104
368191,married,fixed,owner,138000,35000,3500,0,60,1600,0,1,91
368192,married,fixed,owner,100000,60000,15000,0,24,700,0,1,97
368193,married,fixed,tenant,153000,90000,0,0,36,175,0,1,73
368194,married,fixed,tenant,141000,59000,0,0,12,200,0,1,74
368195,married,fixed,owner,170000,90000,14000,0,48,1000,0,1,69
368196,single,parttime,tenant,59000,35000,0,0,36,880,0,0,40
368197,married,parttime,tenant,67000,42000,0,0,36,150,0,0,48
368198,married,fixed,tenant,65000,45000,3500,900,48,300,0,1,63
368199,married,fixed,tenant,400000,60000,9800,0,36,900,0,1,91
368200,married,fixed,owner,175000,35000,11500,0,24,500,0,1,86
368201,married,fixed,owner,110000,60000,4000,500,60,1300,0,1,84
368202,married,fixed,tenant,128000,60000,0,0,60,900,0,1,73
368203,married,fixed,tenant,95000,35000,2500,480,60,950,0,1,74
368204,single,parttime,tenant,114000,45000,2500,500,24,500,0,0,62
368205,married,fixed,owner,130000,45000,3500,1690,60,1100,0,1,66
368206,married,freelance,tenant,74000,45000,0,0,60,950,1,0,64
368207,married,fixed,tenant,100000,60000,6000,0,36,800,0,1,59
368208,single,freelance,owner,142000,35000,6000,0,36,800,1,0,60
368209,single,freelance,tenant,164000,51000,0,0,48,1000,1,0,43
368210,married,fixed,tenant,150000,60000,0,0,60,1350,0,1,67
368211,single,fixed,owner,320000,35000,50000,2000,24,300,0,1,70
368212,married,freelance,tenant,74000,45000,0,0,12,300,1,0,61
368213,married,fixed,owner,211000,60000,55,0,36,1050,0,1,68
368214,married,freelance,owner,105000,35000,4000,0,48,1350,1,0,70
368215,married,fixed,owner,111000,35000,3500,0,48,1000,0,1,80
368216,single,fixed,tenant,70000,42000,0,0,60,921,0,1,41
368217,married,fixed,tenant,125000,45000,3500,1125,48,700,0,1,57
368218,married,freelance,owner,40000,60000,6000,0,60,1500,1,0,47
368219,single,parttime,tenant,45000,35000,0,0,36,600,0,0,31
368220,single,fixed,owner,180000,35000,8000,0,60,1000,0,1,44
368221,single,parttime,tenant,85000,44000,0,0,18,320,0,0,35
368222,married,fixed,owner,187000,35000,6000,2000,60,500,0,1,83
368223,married,parttime,tenant,100000,45000,17000,0,60,1050,0,0,50
368224,married,freelance,tenant,22000,35000,3000,0,36,500,1,0,59
368225,married,freelance,tenant,124000,35000,16000,0,60,1000,1,0,49
368226,married,freelance,owner,192000,75000,15000,0,36,1500,1,0,65
368227,married,freelance,tenant,249000,35000,0,0,60,2000,1,0,39
368228,married,parttime,tenant,174000,60000,6000,720,60,1650,0,0,48
368229,single,freelance,tenant,82000,45000,0,0,36,375,1,0,27
368230,married,fixed,tenant,100000,70000,2000,0,60,1150,0,1,68
368231,single,freelance,owner,178000,35000,9000,3000,60,1500,1,0,26
368232,married,fixed,tenant,108000,46000,0,0,36,315,0,1,62
368233,married,fixed,tenant,100000,45000,0,0,48,450,0,1,51
368234,married,freelance,owner,94000,60000,5500,700,60,1300,1,0,73
368235,married,freelance,owner,49000,45000,0,0,36,1000,1,0,65
368236,married,fixed,owner,150000,45000,23000,5000,60,1050,0,1,51
368237,married,parttime,owner,165000,35000,8000,2000,60,1450,0,0,48
368238,married,fixed,owner,108000,35000,18500,1300,60,1550,0,1,72
368239,married,freelance,owner,67000,75000,25000,0,60,1800,1,0,81
368240,married,fixed,tenant,120000,60000,3000,1380,60,1000,0,1,61
368241,married,freelance,owner,88000,45000,15000,0,48,650,1,0,72
368242,married,fixed,owner,75000,45000,6000,0,48,1300,0,1,61
368243,single,fixed,tenant,200000,65000,0,0,36,900,0,1,62
368244,married,fixed,owner,232000,45000,5000,0,60,1130,0,1,85
368245,single,fixed,tenant,129000,35000,3500,933,48,1000,0,1,80
368246,married,freelance,owner,134000,45000,5000,0,18,300,1,0,82
368247,married,fixed,owner,100000,45000,3000,0,48,800,0,1,91
368248,single,freelance,owner,85000,45000,5000,0,60,1000,1,0,67
368249,married,fixed,tenant,92000,54000,0,0,60,1000,0,1,67
368250,married,freelance,tenant,105000,60000,0,0,60,1100,1,0,48
368251,married,freelance,tenant,177000,90000,0,0,36,600,1,0,64
368252,married,fixed,tenant,110000,56000,0,0,48,800,0,1,75
368253,married,fixed,tenant,80000,53000,0,0,60,1050,0,1,66
368254,married,fixed,owner,143000,35000,4000,0,18,250,0,1,87
368255,single,freelance,owner,105000,35000,5000,0,12,550,1,0,51
368256,married,fixed,tenant,88000,45000,0,0,60,500,0,1,56
368257,married,fixed,tenant,124000,45000,1500,100,60,1100,0,1,74
368258,married,fixed,owner,184000,45000,6000,1000,60,1125,0,1,89
368259,married,fixed,owner,100000,35000,3500,0,60,950,0,1,91
368260,married,freelance,owner,50000,75000,6000,1500,6,500,1,0,73
368261,single,fixed,tenant,80000,35000,0,0,60,800,0,1,63
368262,married,freelance,owner,292000,75000,8000,0,36,1800,1,0,85
368263,married,fixed,tenant,100000,55000,0,0,48,549,0,1,59
368264,married,fixed,tenant,130000,45000,4000,0,36,1200,0,1,69
368265,married,parttime,tenant,150000,45000,0,0,60,1450,0,0,34
368266,married,freelance,owner,183000,35000,45000,1700,48,3000,1,0,76
368267,single,parttime,tenant,136000,35000,4000,0,60,1250,0,0,50
368268,single,fixed,owner,91000,35000,4000,0,12,1000,0,1,66
368269,married,freelance,tenant,107000,35000,8000,0,30,1300,1,0,72
368270,single,parttime,tenant,125000,35000,0,0,48,870,0,0,38
368271,married,freelance,owner,45000,35000,5500,0,48,1250,1,0,71
368272,married,freelance,tenant,30000,35000,0,0,60,900,1,0,60
368273,married,freelance,owner,64000,45000,4000,0,36,400,1,0,64
368274,married,fixed,owner,116000,45000,4000,1857,48,1100,0,1,69
368275,married,fixed,tenant,140000,60000,4000,1300,60,1200,0,1,70
368276,single,parttime,tenant,61000,35000,0,0,60,500,0,0,48
368277,married,parttime,tenant,86000,84000,0,0,60,1650,0,0,28
368278,married,fixed,owner,89000,75000,2000,0,60,1000,0,1,81
368279,married,parttime,owner,165000,45000,4000,112,48,1300,0,0,56
368280,married,freelance,owner,67000,60000,9000,0,60,1300,1,0,75
368281,married,fixed,owner,95000,45000,3000,0,48,1060,0,1,81
368282,single,freelance,owner,121000,35000,10000,0,36,900,1,0,66
368283,married,fixed,tenant,128000,58000,0,0,30,600,0,1,56
368284,married,fixed,owner,90000,60000,6000,480,60,1100,0,1,68
368285,married,fixed,owner,103000,45000,10000,0,60,1000,0,1,74
368286,married,freelance,tenant,148000,60000,0,0,60,1100,1,0,46
368287,single,fixed,owner,130000,35000,5000,0,60,830,0,1,67
368288,single,fixed,owner,229000,35000,7000,0,60,2550,0,1,66
368289,married,fixed,owner,143000,35000,5000,1100,36,700,0,1,78
368290,single,freelance,tenant,65000,35000,3500,0,36,1300,1,0,37
368291,single,fixed,tenant,163000,35000,5000,0,60,1000,0,1,80
368292,married,fixed,tenant,162000,45000,0,0,18,600,0,1,54
368293,married,parttime,owner,154000,35000,2500,500,60,1000,0,0,61
368294,married,fixed,owner,55000,60000,9500,0,60,600,0,1,69
368295,single,fixed,tenant,53000,35000,0,0,60,1200,0,1,52
368296,married,freelance,owner,76000,60000,25000,0,36,180,1,0,69
368297,married,fixed,tenant,192000,45000,0,0,24,1000,0,1,61
368298,married,freelance,owner,200000,60000,11000,0,24,800,1,0,85
368299,married,fixed,owner,115000,75000,11000,3600,36,1250,0,1,70
368300,married,fixed,owner,90000,45000,6000,0,60,1500,0,1,73
368301,married,parttime,owner,175000,45000,2500,0,60,1186,0,0,47
368302,married,freelance,owner,60000,35000,2500,0,60,2300,1,0,39
368303,married,fixed,owner,114000,45000,3500,0,48,650,0,1,91
368304,married,fixed,owner,110000,35000,5500,30,48,1200,0,1,79
368305,married,fixed,owner,130000,45000,4000,0,60,1100,0,1,83
368306,single,parttime,tenant,92000,35000,0,0,48,1200,0,0,35
368307,single,freelance,owner,176000,35000,15000,0,36,1500,1,0,50
368308,single,fixed,tenant,68000,35000,0,0,36,600,0,1,72
368309,married,fixed,tenant,130000,35000,0,0,60,800,0,1,50
368310,married,freelance,owner,103000,45000,20000,0,12,300,1,0,94
368311,married,freelance,tenant,200000,75000,35000,0,60,800,1,0,76
368312,single,fixed,tenant,170000,45000,0,0,60,750,0,1,53
368313,single,fixed,tenant,270000,35000,0,0,60,1800,0,1,45
368314,married,fixed,owner,82000,45000,3500,0,60,750,0,1,73
368315,married,freelance,tenant,79000,68000,1000,0,24,1000,1,0,41
368316,married,fixed,tenant,139000,59000,0,0,60,1350,0,1,72
368317,married,fixed,owner,205000,60000,8000,0,60,1100,0,1,98
368318,married,fixed,owner,100000,35000,8500,1300,48,500,0,1,73
368319,single,parttime,owner,188000,45000,2000,1500,24,300,0,0,67
368320,married,freelance,owner,135000,35000,8000,0,48,800,1,0,90
368321,single,fixed,tenant,200000,55000,0,0,48,1450,0,1,76
368322,married,fixed,tenant,92000,54000,23,0,60,1080,0,1,64
368323,married,fixed,owner,120000,45000,5000,0,24,800,0,1,86
368324,married,fixed,owner,172000,45000,3500,0,60,1850,0,1,73
368325,single,freelance,tenant,44000,35000,0,0,60,1200,1,0,51
368326,married,fixed,tenant,169000,77000,0,0,60,1500,0,1,55
368327,single,parttime,tenant,115000,35000,1000,0,6,250,0,0,44
368328,married,parttime,owner,180000,45000,6000,0,24,700,0,0,70
368329,married,freelance,owner,63000,35000,14500,0,48,2000,1,0,53
368330,single,fixed,tenant,86000,44000,0,0,60,1300,0,1,37
368331,married,fixed,tenant,130000,88000,3000,0,48,1300,0,1,73
368332,married,fixed,tenant,200000,80000,0,0,60,1250,0,1,69
368333,married,fixed,owner,167000,60000,5000,0,36,1350,0,1,87
368334,married,fixed,owner,100000,35000,6500,3900,36,500,0,1,89
368335,single,parttime,tenant,73000,35000,4500,4300,60,1000,0,0,51
368336,single,freelance,tenant,22000,37000,20000,0,60,1300,1,0,60
368337,married,fixed,owner,83000,60000,3500,0,36,310,0,1,91
368338,married,fixed,tenant,122000,47000,0,0,36,950,0,1,55
368339,single,fixed,tenant,116000,45000,4000,0,36,600,0,1,69
368340,single,freelance,owner,100000,35000,25000,0,60,2250,1,0,66
368341,single,fixed,tenant,117000,35000,0,0,60,1500,0,1,50
368342,married,fixed,owner,135000,60000,4500,1000,60,1658,0,1,78
368343,single,fixed,tenant,72000,35000,0,0,48,850,0,1,50
368344,married,fixed,owner,266000,60000,14800,0,60,2500,0,1,64
368345,married,fixed,owner,293000,60000,8000,0,60,1500,0,1,93
368346,married,fixed,owner,98000,75000,7000,0,24,300,0,1,58
368347,single,fixed,tenant,57000,35000,0,0,60,1200,0,1,64
368348,married,fixed,owner,116000,45000,3000,0,60,800,0,1,82
368349,married,fixed,tenant,200000,65000,0,0,60,1400,0,1,74
368350,married,fixed,owner,104000,35000,3000,0,60,1050,0,1,70
368351,married,fixed,tenant,225000,75000,0,0,60,1300,0,1,55
368352,married,fixed,owner,141000,35000,5500,0,18,650,0,1,76
368353,married,parttime,tenant,145000,75000,0,0,36,1100,0,0,43
368354,married,parttime,tenant,45000,60000,0,0,48,1200,0,0,29
368355,married,fixed,tenant,146000,75000,0,0,60,1350,0,1,68
368356,married,fixed,tenant,225000,45000,8000,2300,60,800,0,1,67
368357,married,freelance,owner,142000,35000,12000,0,48,500,1,0,65
368358,married,fixed,owner,161000,45000,6000,2000,60,1000,0,1,69
368359,single,fixed,tenant,105000,35000,0,0,12,360,0,1,79
368360,married,fixed,owner,121000,35000,3000,0,60,1200,0,1,74
368361,single,fixed,tenant,436000,79000,0,0,60,1500,0,1,49
368362,married,parttime,owner,76000,60000,4500,0,24,400,0,0,78
368363,single,parttime,tenant,37000,35000,2500,0,12,120,0,0,66
368364,married,freelance,owner,148000,45000,6000,0,60,1000,1,0,83
368365,single,freelance,tenant,214000,35000,7000,2400,60,2000,1,0,46
368366,married,freelance,owner,174000,90000,11900,0,48,900,1,0,88
368367,married,fixed,owner,400000,60000,5000,0,60,1200,0,1,82
368368,married,freelance,tenant,120000,75000,10500,1500,60,1200,1,0,56
368369,married,fixed,tenant,210000,81000,0,0,48,1260,0,1,61
368370,married,parttime,tenant,155000,76000,0,0,36,440,0,0,27
368371,single,fixed,tenant,185000,35000,0,0,48,1000,0,1,63
368372,single,fixed,tenant,244000,59000,3100,0,36,700,0,1,76
368373,married,fixed,tenant,130000,103000,0,0,60,950,0,1,51
368374,married,fixed,owner,167000,45000,3000,1750,60,250,0,1,89
368375,married,fixed,tenant,145000,60000,0,0,36,900,0,1,56
368376,single,freelance,tenant,149000,35000,3000,0,60,1400,1,0,52
368377,single,parttime,owner,78000,35000,0,0,60,1030,0,0,32
368378,married,fixed,tenant,266000,62000,5000,0,60,1000,0,1,67
368379,married,fixed,tenant,175000,45000,0,0,24,1000,0,1,60
368380,married,fixed,owner,169000,60000,37000,180,36,1000,0,1,79
368381,married,fixed,owner,170000,75000,6000,0,36,750,0,1,93
368382,married,fixed,owner,140000,35000,6000,0,36,1100,0,1,74
368383,married,fixed,owner,271000,90000,11000,5500,60,800,0,1,71
368384,single,fixed,tenant,91000,35000,0,0,48,900,0,1,61
368385,married,fixed,tenant,75000,43000,0,0,60,800,0,1,55
368386,single,parttime,tenant,162000,35000,0,0,30,400,0,0,41
368387,single,fixed,tenant,135000,35000,6000,0,48,1500,0,1,60
368388,married,freelance,tenant,147000,35000,0,0,12,300,1,0,62
368389,single,freelance,owner,177000,35000,6500,2300,36,1750,1,0,53
368390,single,fixed,tenant,102000,35000,0,0,24,400,0,1,81
368391,single,fixed,tenant,200000,35000,0,0,60,900,0,1,75
368392,married,fixed,tenant,130000,45000,0,0,60,1500,0,1,56
368393,married,parttime,tenant,150000,45000,5000,0,60,1300,0,0,53
368394,married,fixed,owner,125000,75000,9000,0,60,1250,0,1,74
368395,married,fixed,owner,108000,45000,4500,0,60,1100,0,1,94
368396,married,fixed,tenant,150000,60000,0,0,30,1300,0,1,70
368397,married,freelance,owner,142000,35000,4000,0,36,800,1,0,69
368398,married,fixed,tenant,188000,64000,0,0,60,1400,0,1,54
368399,single,parttime,tenant,140000,35000,0,0,48,700,0,0,57
368400,married,fixed,owner,122000,35000,3000,0,36,825,0,1,80
368401,married,fixed,owner,112000,45000,6000,0,48,800,0,1,75
368402,single,fixed,tenant,110000,35000,0,0,60,1360,0,1,53
368403,married,freelance,owner,106000,60000,10000,0,36,800,1,0,88
368404,married,fixed,owner,150000,45000,8000,0,48,1000,0,1,73
368405,single,parttime,tenant,105000,35000,0,0,48,1300,0,0,19
368406,married,fixed,owner,72000,75000,4000,0,48,800,0,1,62
368407,married,fixed,owner,106000,45000,4000,0,48,400,0,1,98
368408,married,freelance,owner,65000,45000,17000,0,12,650,1,0,85
368409,married,fixed,tenant,300000,60000,7000,0,60,2000,0,1,66
368410,married,fixed,tenant,92000,54000,0,0,60,1450,0,1,71
368411,married,fixed,tenant,100000,45000,9000,0,24,650,0,1,69
368412,married,fixed,owner,118000,45000,4000,2600,60,1250,0,1,73
368413,married,fixed,tenant,71000,82000,0,0,60,900,0,1,49
368414,married,freelance,owner,66000,60000,8000,0,48,1000,1,0,60
368415,single,fixed,tenant,101000,35000,0,0,60,1600,0,1,42
368416,married,fixed,owner,164000,60000,4500,0,60,800,0,1,69
368417,single,freelance,owner,57000,35000,4000,2100,60,1500,1,0,34
368418,married,freelance,owner,159000,35000,6000,0,48,1157,1,0,61
368419,married,fixed,owner,140000,35000,9000,0,60,800,0,1,75
368420,married,fixed,owner,180000,45000,1,0,48,1200,0,1,90
368421,single,fixed,tenant,80000,35000,0,0,18,200,0,1,72
368422,married,fixed,owner,81000,35000,5000,2000,48,570,0,1,61
368423,single,fixed,tenant,114000,35000,0,0,24,400,0,1,77
368424,married,fixed,owner,350000,35000,8000,0,60,1250,0,1,102
368425,single,fixed,tenant,73000,35000,1,0,60,1580,0,1,47
368426,married,freelance,owner,107000,60000,20000,600,60,1000,1,0,46
368427,married,fixed,owner,120000,45000,5000,0,60,1350,0,1,56
368428,married,fixed,tenant,110000,46000,0,0,48,600,0,1,49
368429,married,parttime,owner,130000,35000,7000,3000,60,950,0,0,53
368430,married,freelance,tenant,78000,35000,0,0,48,1300,1,0,23
368431,single,fixed,owner,96000,35000,2500,0,60,1500,0,1,67
368432,married,fixed,owner,114000,35000,3000,0,24,400,0,1,81
368433,married,fixed,tenant,175000,63000,0,0,36,650,0,1,53
368434,single,freelance,owner,72000,75000,42,0,60,1000,1,0,31
368435,single,freelance,tenant,140000,35000,0,0,18,600,1,0,54
368436,married,fixed,tenant,115000,57000,0,0,36,675,0,1,59
368437,single,parttime,tenant,66000,35000,0,0,36,450,0,0,53
368438,married,fixed,owner,124000,35000,4000,0,60,2000,0,1,65
368439,single,fixed,tenant,201000,35000,4700,3100,60,2400,0,1,40
368440,single,parttime,tenant,80000,35000,0,0,60,1300,0,0,34
368441,married,fixed,tenant,90000,35000,3000,0,60,900,0,1,79
368442,married,fixed,owner,110000,60000,3000,0,48,1000,0,1,83
368443,married,fixed,owner,122000,45000,9000,0,36,1100,0,1,88
368444,married,fixed,owner,315000,45000,10000,4000,60,2400,0,1,58
368445,single,fixed,tenant,270000,62000,0,0,36,600,0,1,82
368446,married,fixed,tenant,200000,60000,10000,0,24,1000,0,1,61
368447,married,fixed,tenant,95000,60000,0,0,24,500,0,1,72
368448,married,fixed,tenant,242000,60000,3500,2000,60,1000,0,1,60
368449,married,freelance,owner,364000,35000,5000,0,48,900,1,0,88
368450,married,freelance,owner,182000,60000,5000,0,24,1250,1,0,64
368451,single,fixed,owner,105000,35000,6000,0,12,500,0,1,71
368452,married,freelance,owner,91000,45000,8000,0,12,1300,1,0,73
368453,married,fixed,owner,225000,60000,20000,3000,48,700,0,1,73
368454,single,fixed,tenant,100000,35000,0,0,48,900,0,1,68
368455,married,parttime,tenant,85000,54000,0,0,60,1300,0,0,50
368456,married,freelance,owner,100000,35000,6000,2900,48,1000,1,0,63
368457,married,fixed,owner,250000,45000,4000,0,60,1000,0,1,98
368458,married,fixed,tenant,150000,60000,0,0,60,950,0,1,63
368459,married,freelance,owner,178000,60000,18000,0,24,1000,1,0,88
368460,married,fixed,owner,256000,45000,7000,0,60,1000,0,1,95
368461,married,fixed,tenant,85000,60000,2000,0,48,800,0,1,53
368462,single,freelance,owner,82000,35000,10000,0,60,1600,1,0,44
368463,married,fixed,owner,220000,35000,12000,5000,36,1250,0,1,81
368464,married,freelance,owner,59000,75000,4000,0,36,800,1,0,69
368465,single,fixed,tenant,61000,35000,0,0,36,800,0,1,51
368466,married,fixed,tenant,88000,69000,0,0,60,1200,0,1,47
368467,married,freelance,tenant,244000,35000,8000,0,60,2250,1,0,32
368468,married,fixed,owner,160000,35000,3100,400,36,800,0,1,74
368469,married,fixed,tenant,119000,57000,0,0,36,600,0,1,80
368470,married,parttime,tenant,63000,96000,0,0,24,600,0,0,34
368471,married,fixed,owner,257000,45000,3000,0,36,900,0,1,82
368472,single,fixed,tenant,189000,54000,0,0,18,800,0,1,77
368473,married,fixed,tenant,123000,72000,0,0,24,270,0,1,55
368474,single,fixed,tenant,130000,35000,0,0,60,1600,0,1,43
368475,single,fixed,tenant,113000,46000,0,0,60,1600,0,1,54
368476,married,fixed,owner,102000,45000,12000,0,60,2000,0,1,88
368477,married,freelance,tenant,54000,45000,10500,0,24,600,1,0,60
368478,married,freelance,tenant,190000,64000,2000,0,18,700,1,0,45
368479,married,fixed,owner,110000,45000,5000,2000,36,540,0,1,89
368480,married,fixed,owner,80000,45000,2000,0,36,550,0,1,76
368481,married,fixed,tenant,98000,55000,0,0,36,350,0,1,57
368482,married,freelance,owner,237000,75000,3000,0,24,650,1,0,79
368483,married,fixed,owner,147000,60000,3500,0,60,830,0,1,81
368484,single,fixed,owner,250000,35000,5000,0,60,1500,0,1,58
368485,single,parttime,tenant,95000,45000,4000,0,48,600,0,0,40
368486,married,fixed,owner,230000,60000,5000,0,36,1200,0,1,53
368487,married,freelance,owner,106000,35000,4000,0,18,480,1,0,72
368488,married,fixed,owner,130000,60000,5000,0,36,700,0,1,70
368489,married,fixed,owner,104000,45000,5500,25,60,800,0,1,86
368490,single,freelance,tenant,206000,35000,12000,0,18,450,1,0,79
368491,married,freelance,owner,128000,45000,11500,0,48,500,1,0,72
368492,married,fixed,owner,120000,60000,5000,0,60,1250,0,1,68
368493,single,freelance,tenant,66000,35000,0,0,36,750,1,0,43
368494,married,fixed,owner,247000,35000,5000,400,36,1500,0,1,77
368495,married,freelance,owner,63000,60000,4000,0,36,1050,1,0,73
368496,married,freelance,owner,66000,60000,10000,0,48,875,1,0,73
368497,married,freelance,owner,70000,35000,5000,0,18,800,1,0,76
368498,married,freelance,tenant,140000,59000,0,0,36,1300,1,0,41
368499,married,fixed,tenant,178000,45000,5000,0,48,1150,0,1,63
368500,married,fixed,tenant,203000,35000,4000,1500,60,1520,0,1,57
368501,married,fixed,owner,87000,75000,3000,0,6,200,0,1,97
368502,married,freelance,owner,555000,60000,40000,0,60,1500,1,0,97
368503,single,freelance,owner,115000,35000,4000,1500,36,700,1,0,74
368504,married,freelance,tenant,95000,35000,25000,0,60,1650,1,0,52
368505,single,fixed,tenant,55000,35000,0,0,36,600,0,1,57
368506,single,fixed,tenant,140000,35000,1000,0,36,1000,0,1,60
368507,married,freelance,tenant,85000,90000,3500,0,60,800,1,0,29
368508,single,fixed,tenant,198000,65000,0,0,48,950,0,1,65
368509,married,freelance,tenant,130000,35000,4650,2850,60,2000,1,0,56
368510,married,freelance,owner,80000,45000,7000,0,12,1100,1,0,77
368511,single,freelance,tenant,200000,35000,70000,12000,24,1100,1,0,59
368512,married,fixed,owner,95000,35000,2500,0,48,900,0,1,80
368513,married,freelance,owner,58000,45000,8000,0,36,500,1,0,73
368514,single,freelance,owner,224000,35000,20000,0,54,1100,1,0,52
368515,married,fixed,owner,168000,60000,3000,0,60,1400,0,1,66
368516,married,freelance,tenant,179000,53000,0,0,60,1825,1,0,46
368517,single,freelance,tenant,107000,35000,54000,0,24,2000,1,0,61
368518,married,fixed,owner,160000,35000,6500,3700,60,1500,0,1,64
368519,married,fixed,tenant,111000,56000,0,0,36,500,0,1,55
368520,married,fixed,tenant,80000,53000,0,0,60,950,0,1,55
368521,married,fixed,owner,110000,35000,4000,62,60,1100,0,1,66
368522,married,fixed,tenant,108000,60000,0,0,60,1200,0,1,52
368523,married,fixed,tenant,181000,53000,0,0,60,1150,0,1,54
368524,married,parttime,tenant,67000,60000,0,0,48,1000,0,0,55
368525,married,fixed,owner,25000,45000,3000,2000,36,1100,0,1,69
368526,single,freelance,owner,150000,60000,5500,0,60,1400,1,0,40
368527,married,fixed,tenant,170000,92000,0,0,60,1000,0,1,54
368528,married,fixed,tenant,150000,60000,0,0,48,1350,0,1,52
368529,married,fixed,tenant,294000,104000,0,0,48,1350,0,1,50
368530,married,fixed,tenant,100000,45000,37000,0,48,800,0,1,85
368531,single,freelance,tenant,100000,35000,0,0,48,900,1,0,52
368532,married,fixed,owner,192000,75000,23000,3000,48,700,0,1,66
368533,single,fixed,tenant,100000,35000,0,0,60,1500,0,1,59
368534,married,freelance,tenant,171000,52000,0,0,48,1150,1,0,69
368535,single,fixed,tenant,245000,35000,5000,0,60,1300,0,1,61
368536,married,freelance,tenant,124000,45000,4000,0,60,1500,1,0,53
368537,married,parttime,owner,110000,35000,4500,2000,12,300,0,0,50
368538,single,parttime,tenant,70000,42000,0,0,36,590,0,0,50
368539,single,parttime,tenant,72000,42000,0,0,48,700,0,0,50
368540,married,fixed,tenant,133000,73000,0,0,60,1000,0,1,74
368541,married,freelance,tenant,54000,45000,10000,0,36,600,1,0,43
368542,married,fixed,owner,250000,35000,30000,0,24,1000,0,1,104
368543,married,freelance,owner,196000,35000,7000,3950,60,1600,1,0,84
368544,married,fixed,tenant,92000,60000,0,0,60,1100,0,1,51
368545,married,freelance,owner,325000,45000,12000,1200,60,1300,1,0,67
368546,single,fixed,tenant,136000,35000,12500,0,36,3000,0,1,30
368547,married,fixed,owner,110000,45000,5000,0,48,1000,0,1,74
368548,single,freelance,tenant,157000,51000,11000,4500,48,1000,1,0,56
368549,single,fixed,tenant,162000,35000,0,0,60,1800,0,1,45
368550,single,parttime,tenant,70000,35000,0,0,60,1300,0,0,52
368551,married,freelance,tenant,175000,45000,0,0,48,1000,1,0,55
368552,single,freelance,tenant,86000,35000,0,0,24,700,1,0,47
368553,single,parttime,tenant,69000,35000,0,0,24,107,0,0,62
368554,married,fixed,owner,148000,60000,8000,0,60,920,0,1,63
368555,married,fixed,tenant,129000,35000,0,0,48,1580,0,1,44
368556,single,fixed,tenant,150000,60000,0,0,60,1650,0,1,29
368557,married,fixed,owner,102000,60000,3500,0,24,850,0,1,91
368558,married,fixed,owner,140000,45000,5500,0,48,550,0,1,71
368559,single,parttime,owner,120000,35000,3000,0,60,1400,0,0,48
368560,married,fixed,tenant,66000,60000,7000,0,60,950,0,1,75
368561,married,fixed,tenant,115000,47000,0,0,24,500,0,1,65
368562,married,fixed,owner,84000,35000,3000,0,60,1400,0,1,82
368563,married,fixed,owner,128000,45000,3000,0,60,1300,0,1,66
368564,married,fixed,tenant,155000,60000,12000,5000,60,1200,0,1,47
368565,single,fixed,tenant,140000,35000,0,0,24,450,0,1,55
368566,married,fixed,tenant,230000,58000,0,0,48,1150,0,1,64
368567,married,fixed,tenant,105000,105000,0,0,60,750,0,1,47
368568,married,fixed,tenant,140000,60000,4000,0,60,1050,0,1,54
368569,single,fixed,owner,207000,35000,11000,4000,60,800,0,1,45
368570,single,fixed,tenant,75000,43000,0,0,36,400,0,1,57
368571,married,freelance,owner,250000,45000,10000,0,60,2500,1,0,63
368572,single,fixed,tenant,200000,35000,0,0,36,1600,0,1,48
368573,married,freelance,owner,52000,60000,3500,0,12,500,1,0,70
368574,married,fixed,owner,135000,45000,5000,3700,60,1600,0,1,59
368575,married,fixed,owner,143000,60000,5000,0,36,1400,0,1,64
368576,married,fixed,tenant,90000,35000,0,0,48,1000,0,1,48
368577,married,freelance,tenant,102000,35000,8000,0,60,1200,1,0,41
368578,single,fixed,owner,250000,35000,25000,4000,60,1450,0,1,65
368579,married,fixed,owner,162000,60000,5000,0,60,1700,0,1,81
368580,married,fixed,owner,140000,60000,6000,1000,60,1100,0,1,76
368581,married,fixed,owner,235000,35000,12000,1700,36,1500,0,1,91
368582,single,fixed,tenant,60000,35000,0,0,36,450,0,1,75
368583,married,fixed,owner,124000,60000,4000,0,24,800,0,1,97
368584,married,parttime,tenant,70000,42000,0,0,60,1700,0,0,16
368585,married,fixed,owner,140000,35000,4000,0,48,1500,0,1,73
368586,married,fixed,owner,100000,35000,3000,0,60,1300,0,1,51
368587,married,fixed,tenant,184000,63000,0,0,36,635,0,1,69
368588,married,fixed,owner,90000,35000,5000,0,48,1390,0,1,61
368589,married,parttime,tenant,116000,72000,6000,0,48,1400,0,0,24
368590,married,freelance,owner,57000,35000,5000,0,60,1300,1,0,84
368591,married,parttime,owner,210000,75000,7000,4800,60,1250,0,0,44
368592,single,fixed,owner,53000,35000,2000,1600,48,1100,0,1,51
368593,single,parttime,tenant,111000,35000,3000,1200,60,850,0,0,34
368594,married,freelance,owner,200000,60000,19,0,24,500,1,0,83
368595,married,fixed,owner,160000,60000,4000,1800,60,1050,0,1,64
368596,married,freelance,owner,98000,45000,5000,700,60,1000,1,0,46
368597,married,fixed,owner,159000,60000,4000,0,60,1500,0,1,73
368598,single,freelance,tenant,14000,35000,0,0,60,900,1,0,36
368599,married,freelance,owner,67000,75000,8000,0,6,430,1,0,76
368600,married,fixed,tenant,109000,60000,0,0,60,1250,0,1,50
368601,married,freelance,tenant,59000,35000,0,0,36,1000,1,0,46
368602,single,fixed,tenant,74000,35000,0,0,36,350,0,1,71
368603,married,freelance,owner,106000,45000,12000,0,48,1035,1,0,75
368604,single,parttime,tenant,48000,35000,0,0,48,1850,0,0,33
368605,single,fixed,tenant,62000,35000,0,0,60,1100,0,1,73
368606,married,freelance,owner,70000,35000,4000,0,24,525,1,0,83
368607,married,fixed,tenant,150000,90000,0,0,36,300,0,1,56
368608,married,freelance,owner,95000,60000,6000,0,48,1300,1,0,85
368609,married,parttime,tenant,202000,35000,6000,0,36,1300,0,0,51
368610,married,fixed,tenant,100000,55000,4000,0,60,1750,0,1,46
368611,married,parttime,tenant,115000,75000,2000,0,48,850,0,0,25
368612,single,fixed,tenant,164000,35000,0,0,60,900,0,1,71
368613,single,fixed,tenant,155000,35000,7000,0,24,1450,0,1,52
368614,married,fixed,owner,150000,60000,3500,200,48,800,0,1,62
368615,married,fixed,owner,165000,60000,3000,0,60,1250,0,1,59
368616,married,fixed,tenant,108000,71000,0,0,60,1400,0,1,47
368617,married,fixed,owner,93000,35000,3500,0,60,900,0,1,86
368618,married,fixed,tenant,133000,60000,0,0,60,1300,0,1,58
368619,married,fixed,owner,55000,60000,0,0,36,1500,0,1,57
368620,married,fixed,owner,148000,35000,14000,0,36,300,0,1,90
368621,single,fixed,tenant,130000,35000,0,0,24,200,0,1,63
368622,married,fixed,tenant,120000,60000,6000,0,60,1350,0,1,73
368623,single,freelance,tenant,124000,35000,7000,0,48,1000,1,0,60
368624,married,freelance,tenant,99000,35000,0,0,18,375,1,0,45
368625,single,fixed,tenant,120000,47000,0,0,48,800,0,1,53
368626,single,fixed,tenant,250000,60000,0,0,48,1000,0,1,72
368627,married,freelance,tenant,37000,75000,0,0,60,1500,1,0,49
368628,single,freelance,tenant,71000,35000,4500,0,60,1950,1,0,47
368629,married,freelance,owner,74000,45000,16000,1500,48,2000,1,0,72
368630,single,freelance,tenant,73000,35000,0,0,36,400,1,0,50
368631,single,parttime,tenant,135000,45000,0,0,60,1100,0,0,33
368632,married,fixed,tenant,70000,35000,0,0,60,1300,0,1,49
368633,married,freelance,owner,79000,45000,7000,0,36,400,1,0,55
368634,single,parttime,tenant,105000,56000,0,0,48,1100,0,0,18
368635,married,fixed,tenant,102000,45000,5000,360,48,1300,0,1,54
368636,married,freelance,owner,50000,60000,11000,0,48,1000,1,0,79
368637,married,fixed,owner,160000,75000,1500,0,12,360,0,1,78
368638,single,fixed,owner,120000,35000,3500,0,60,1320,0,1,58
368639,single,fixed,tenant,107000,35000,0,0,60,800,0,1,67
368640,married,fixed,owner,253000,35000,7000,0,60,1060,0,1,77
368641,married,fixed,tenant,155000,51000,0,0,60,1500,0,1,43
368642,married,fixed,owner,130000,35000,8000,0,48,850,0,1,68
368643,married,parttime,owner,120000,45000,3000,150,36,700,0,0,62
368644,single,fixed,tenant,124000,57000,0,0,60,940,0,1,48
368645,single,fixed,tenant,75000,35000,0,0,60,1100,0,1,65
368646,married,fixed,owner,150000,60000,3500,0,36,450,0,1,72
368647,single,freelance,tenant,100000,45000,0,0,36,1000,1,0,60
368648,married,fixed,owner,78000,60000,2500,0,36,650,0,1,80
368649,married,fixed,owner,60000,45000,4000,0,60,1500,0,1,75
368650,married,fixed,owner,419000,45000,5500,2500,60,1300,0,1,92
368651,married,fixed,tenant,112000,56000,0,0,60,1250,0,1,71
368652,married,fixed,tenant,147000,50000,0,0,60,1100,0,1,69
368653,married,fixed,owner,165000,60000,6000,0,12,594,0,1,58
368654,married,fixed,tenant,160000,61000,0,0,24,400,0,1,82
368655,married,freelance,tenant,147000,45000,0,0,60,1000,1,0,63
368656,single,freelance,tenant,34000,38000,0,0,12,700,1,0,61
368657,married,parttime,tenant,73000,42000,0,0,60,1000,0,0,50
368658,married,fixed,owner,98000,60000,9000,200,60,800,0,1,78
368659,married,parttime,tenant,123000,57000,5000,0,36,900,0,0,36
368660,married,freelance,owner,14000,45000,4000,0,12,900,1,0,66
368661,married,fixed,owner,100000,45000,8500,0,60,400,0,1,77
368662,married,freelance,owner,56000,45000,6000,0,60,1345,1,0,77
368663,married,fixed,owner,90000,45000,6000,0,60,1500,0,1,89
368664,single,fixed,owner,294000,35000,53000,0,60,1300,0,1,73
368665,married,freelance,owner,135000,75000,7500,0,36,1000,1,0,68
368666,single,fixed,tenant,80000,35000,0,0,60,1000,0,1,59
368667,single,fixed,tenant,112000,35000,6000,0,18,450,0,1,80
368668,married,fixed,tenant,100000,55000,0,0,60,930,0,1,52
368669,single,fixed,owner,115000,35000,12000,0,36,900,0,1,71
368670,married,freelance,owner,67000,60000,3500,196,60,1300,1,0,57
368671,married,fixed,owner,375000,45000,5000,0,60,2200,0,1,89
368672,single,fixed,tenant,113000,35000,0,0,60,1250,0,1,48
368673,single,freelance,tenant,53000,40000,0,0,36,750,1,0,57
368674,married,freelance,owner,73000,60000,15000,0,48,1900,1,0,45
368675,single,fixed,owner,34000,35000,10000,5000,48,1500,0,1,48
368676,married,fixed,owner,196000,60000,7000,1000,60,1690,0,1,85
368677,married,parttime,tenant,56000,41000,0,0,48,1500,0,0,33
368678,married,fixed,owner,200000,45000,5000,800,48,1250,0,1,91
368679,married,fixed,tenant,102000,55000,0,0,48,600,0,1,76
368680,married,freelance,owner,310000,60000,7000,0,60,1200,1,0,94
368681,married,fixed,owner,106000,60000,6000,0,60,1500,0,1,73
368682,single,parttime,tenant,103000,35000,4500,0,36,1050,0,0,50
368683,single,parttime,tenant,131000,35000,4500,0,60,1200,0,0,59
368684,married,parttime,tenant,117000,45000,2000,250,60,1600,0,0,51
368685,single,parttime,tenant,120000,47000,0,0,60,1200,0,0,24
368686,single,freelance,tenant,33000,38000,0,0,36,300,1,0,45
368687,single,freelance,tenant,43000,35000,0,0,36,875,1,0,62
368688,married,fixed,tenant,130000,60000,0,0,60,1500,0,1,48
368689,married,fixed,owner,110000,60000,5000,0,60,1000,0,1,85
368690,single,fixed,tenant,60000,35000,0,0,36,550,0,1,71
368691,married,fixed,tenant,107000,45000,0,0,36,1160,0,1,60
368692,single,parttime,tenant,65000,42000,0,0,36,430,0,0,50
368693,married,fixed,tenant,173000,35000,0,0,36,1000,0,1,62
368694,married,fixed,owner,134000,60000,4500,700,60,1000,0,1,68
368695,married,freelance,owner,173000,60000,8000,0,60,1200,1,0,77
368696,single,freelance,tenant,78000,35000,3500,0,60,2275,1,0,55
368697,single,fixed,tenant,95000,35000,6000,0,48,500,0,1,59
368698,single,fixed,tenant,89000,44000,0,0,36,400,0,1,62
368699,married,fixed,owner,155000,60000,2500,0,60,1650,0,1,69
368700,married,fixed,owner,87000,60000,3500,0,36,650,0,1,72
368701,single,freelance,tenant,134000,45000,0,0,48,4000,1,0,34
368702,married,fixed,tenant,61000,35000,4000,0,36,700,0,1,60
368703,married,fixed,tenant,185000,75000,3500,1200,60,700,0,1,59
368704,single,freelance,owner,300000,75000,18000,0,12,760,1,0,74
368705,married,freelance,owner,68000,60000,4500,0,36,575,1,0,49
368706,married,fixed,owner,320000,60000,15000,1000,36,1000,0,1,87
368707,single,parttime,owner,139000,35000,4000,0,36,375,0,0,50
368708,married,fixed,tenant,159000,76000,0,0,48,830,0,1,53
368709,married,fixed,tenant,79000,60000,15000,0,48,2000,0,1,58
368710,married,fixed,tenant,260000,45000,0,0,36,725,0,1,71
368711,married,freelance,tenant,100000,55000,8000,0,60,2500,1,0,30
368712,married,fixed,owner,231000,75000,15000,0,60,1950,0,1,76
368713,single,fixed,tenant,82000,43000,0,0,60,800,0,1,72
368714,married,fixed,tenant,120000,45000,4000,0,60,1500,0,1,59
368715,single,fixed,tenant,91000,35000,0,0,18,650,0,1,67
368716,married,fixed,tenant,203000,65000,0,0,36,1500,0,1,56
368717,single,fixed,tenant,96000,35000,0,0,60,750,0,1,64
368718,married,freelance,owner,53000,45000,10000,0,60,1500,1,0,59
368719,married,freelance,tenant,170000,60000,2900,0,24,1800,1,0,47
368720,married,fixed,tenant,112000,35000,0,0,36,450,0,1,74
368721,married,fixed,owner,90000,60000,6000,1500,24,900,0,1,86
368722,married,freelance,owner,225000,35000,25000,0,36,2000,1,0,88
368723,married,fixed,owner,205000,35000,9000,1500,60,1050,0,1,54
368724,single,freelance,tenant,155000,45000,0,0,48,2500,1,0,60
368725,single,fixed,owner,51000,35000,4000,0,60,1400,0,1,53
368726,married,fixed,owner,144000,60000,6500,0,60,2000,0,1,61
368727,single,parttime,tenant,80000,35000,0,0,60,1100,0,0,21
368728,married,freelance,tenant,76000,35000,0,0,60,1300,1,0,42
368729,married,fixed,tenant,140000,35000,0,0,60,1150,0,1,34
368730,married,fixed,owner,90000,45000,3000,0,60,950,0,1,64
368731,married,freelance,owner,107000,35000,4500,1900,48,1000,1,0,81
368732,married,fixed,owner,190000,45000,13000,2000,36,800,0,1,80
368733,married,fixed,owner,145000,45000,5000,0,60,1100,0,1,63
368734,single,fixed,tenant,93000,44000,0,0,12,700,0,1,77
368735,married,fixed,tenant,145000,60000,500,0,60,1550,0,1,54
368736,single,fixed,tenant,55000,35000,3000,0,48,850,0,1,65
368737,married,fixed,tenant,173000,45000,0,0,48,1000,0,1,62
368738,married,fixed,tenant,110000,86000,0,0,60,800,0,1,48
368739,married,parttime,tenant,159000,75000,0,0,60,1000,0,0,29
368740,married,fixed,owner,68000,60000,13000,0,60,900,0,1,72
368741,married,freelance,owner,170000,45000,6500,0,24,500,1,0,83
368742,married,fixed,owner,160000,45000,2000,0,60,1050,0,1,91
368743,single,freelance,owner,48000,35000,4000,0,48,1100,1,0,52
368744,married,fixed,owner,128000,35000,4000,0,48,1400,0,1,84
368745,single,fixed,tenant,125000,48000,5000,800,48,1600,0,1,51
368746,single,parttime,tenant,72000,35000,0,0,60,1100,0,0,28
368747,married,fixed,owner,115000,60000,4000,0,60,1250,0,1,75
368748,single,freelance,tenant,288000,89000,15000,0,60,1800,1,0,55
368749,married,fixed,owner,160000,60000,4000,0,36,1300,0,1,92
368750,married,fixed,owner,114000,60000,5000,400,60,1200,0,1,74
368751,married,parttime,tenant,118000,72000,0,0,6,125,0,0,52
368752,single,fixed,tenant,60000,35000,0,0,48,850,0,1,74
368753,single,parttime,tenant,139000,49000,0,0,24,500,0,0,41
368754,married,fixed,tenant,195000,80000,0,0,48,1800,0,1,56
368755,single,fixed,tenant,108000,35000,0,0,48,900,0,1,69
368756,married,fixed,tenant,140000,74000,0,0,18,200,0,1,55
368757,single,fixed,tenant,145000,35000,0,0,60,1000,0,1,39
368758,married,fixed,owner,105000,60000,5000,0,36,400,0,1,71
368759,single,fixed,tenant,56000,35000,3500,0,60,1300,0,1,52
368760,married,fixed,owner,216000,35000,4000,0,60,1750,0,1,68
368761,single,parttime,tenant,130000,35000,2000,0,36,875,0,0,52
368762,married,fixed,owner,120000,35000,4000,1500,60,1800,0,1,68
368763,married,fixed,owner,90000,35000,2000,0,60,1150,0,1,73
368764,married,fixed,tenant,103000,55000,0,0,60,1100,0,1,36
368765,married,freelance,owner,84000,60000,5000,0,36,1350,1,0,78
368766,married,fixed,owner,193000,45000,10000,1500,60,1300,0,1,74
368767,married,fixed,tenant,164000,45000,0,0,18,1250,0,1,75
368768,married,fixed,tenant,100000,70000,0,0,60,1300,0,1,59
368769,married,freelance,owner,60000,45000,12000,0,12,1375,1,0,85
368770,single,freelance,tenant,92000,35000,25000,0,12,150,1,0,56
368771,single,fixed,owner,300000,35000,4000,200,60,1350,0,1,80
368772,married,fixed,tenant,92000,54000,0,0,48,1340,0,1,43
368773,married,freelance,owner,227000,35000,8500,0,36,1550,1,0,45
368774,married,fixed,tenant,150000,60000,0,0,48,800,0,1,43
368775,married,fixed,owner,91000,45000,0,0,60,1100,0,1,72
368776,married,freelance,tenant,144000,60000,0,0,60,2000,1,0,17
368777,married,fixed,tenant,161000,35000,9000,0,60,900,0,1,61
368778,married,fixed,owner,113000,35000,3500,0,60,1380,0,1,61
368779,married,fixed,tenant,146000,75000,10000,0,48,1370,0,1,78
368780,single,fixed,tenant,70000,35000,0,0,36,700,0,1,49
368781,married,fixed,tenant,318000,77000,5000,0,60,1750,0,1,78
368782,married,fixed,owner,115000,45000,9500,0,60,1450,0,1,82
368783,married,parttime,tenant,90000,84000,0,0,60,1100,0,0,34
368784,married,fixed,tenant,215000,35000,5000,2800,60,1500,0,1,50
368785,married,fixed,owner,340000,35000,1200,0,24,1000,0,1,83
368786,single,parttime,tenant,42000,39000,0,0,60,1200,0,0,34
368787,single,parttime,owner,104000,35000,12000,0,24,1700,0,0,49
368788,married,freelance,tenant,81000,35000,18000,0,60,1200,1,0,48
368789,single,fixed,tenant,114000,46000,0,0,48,1650,0,1,65
368790,married,parttime,tenant,210000,35000,1500,0,60,1250,0,0,54
368791,married,fixed,owner,83000,35000,4500,1170,48,700,0,1,73
368792,married,fixed,tenant,223000,97000,0,0,48,1250,0,1,44
368793,married,fixed,tenant,117000,60000,6000,960,48,1200,0,1,62
368794,single,fixed,owner,100000,35000,4000,2000,60,1475,0,1,28
368795,married,fixed,tenant,105000,45000,5000,0,60,1500,0,1,58
368796,married,freelance,tenant,292000,75000,0,0,60,2200,1,0,28
368797,single,fixed,tenant,110000,35000,0,0,36,500,0,1,62
368798,single,freelance,tenant,42000,35000,10000,0,60,2000,1,0,65
368799,married,fixed,owner,80000,35000,3500,0,60,1100,0,1,82
368800,married,fixed,owner,120000,45000,10000,0,60,2000,0,1,74
368801,married,freelance,tenant,90000,44000,8000,0,24,600,1,0,55
368802,married,fixed,owner,112000,35000,4000,0,60,1150,0,1,67
368803,married,fixed,owner,136000,35000,6000,4500,36,900,0,1,81
368804,married,fixed,owner,85000,45000,3400,1500,36,450,0,1,56
368805,married,freelance,owner,144000,60000,4500,0,60,1100,1,0,64
368806,married,fixed,owner,140000,75000,7000,0,60,1000,0,1,95
368807,married,fixed,tenant,183000,53000,0,0,48,1300,0,1,54
368808,single,fixed,tenant,250000,70000,55,0,60,1300,0,1,58
368809,married,freelance,tenant,81000,45000,6000,0,36,1000,1,0,48
368810,married,parttime,tenant,56000,41000,0,0,60,1308,0,0,33
368811,married,fixed,tenant,170000,35000,5000,1500,60,1150,0,1,81
368812,married,fixed,tenant,71000,52000,0,0,36,900,0,1,69
368813,married,fixed,tenant,94000,69000,0,0,60,1450,0,1,44
368814,married,fixed,tenant,112000,56000,4000,1500,60,1400,0,1,60
368815,married,fixed,tenant,115000,57000,0,0,36,800,0,1,56
368816,single,freelance,owner,100000,35000,8000,0,60,1980,1,0,45
368817,single,fixed,tenant,71000,35000,0,0,48,1000,0,1,35
368818,married,fixed,tenant,125000,73000,6500,0,36,600,0,1,82
368819,single,parttime,tenant,35000,35000,0,0,60,1150,0,0,30
368820,married,fixed,owner,200000,60000,13500,5000,60,1900,0,1,78
368821,married,parttime,tenant,160000,106000,0,0,48,930,0,0,30
368822,married,parttime,tenant,49000,35000,0,0,48,600,0,0,51
368823,married,fixed,tenant,179000,90000,0,0,60,1600,0,1,39
368824,single,freelance,tenant,221000,35000,0,0,36,500,1,0,56
368825,married,fixed,owner,214000,35000,10000,3000,48,1250,0,1,95
368826,married,fixed,owner,145000,35000,5000,0,60,1600,0,1,77
368827,single,fixed,tenant,142000,35000,0,0,48,1000,0,1,68
368828,married,freelance,owner,200000,45000,30000,0,60,1400,1,0,68
368829,married,fixed,owner,72000,45000,3500,45,60,1400,0,1,82
368830,married,fixed,owner,105000,35000,18000,0,24,1800,0,1,81
368831,married,fixed,owner,211000,75000,7500,2000,60,800,0,1,68
368832,married,parttime,owner,90000,90000,8000,0,60,1000,0,0,48
368833,married,freelance,owner,100000,60000,5500,0,12,1000,1,0,75
368834,married,fixed,tenant,118000,47000,0,0,54,1500,0,1,50
368835,married,fixed,owner,88000,60000,2000,0,60,1450,0,1,86
368836,married,fixed,owner,147000,45000,10000,300,24,450,0,1,83
368837,single,freelance,tenant,103000,45000,0,0,48,1000,1,0,29
368838,single,fixed,owner,197000,35000,2000,0,60,1500,0,1,48
368839,married,parttime,tenant,127000,35000,3500,2000,60,1700,0,0,30
368840,married,fixed,tenant,235000,69000,0,0,60,1400,0,1,61
368841,married,freelance,owner,126000,35000,17000,0,60,3000,1,0,64
368842,married,freelance,owner,200000,45000,4000,0,36,1800,1,0,80
368843,married,fixed,tenant,233000,45000,0,0,24,900,0,1,55
368844,married,fixed,owner,78000,75000,4000,0,60,1500,0,1,72
368845,single,fixed,owner,106000,35000,4000,0,48,660,0,1,82
368846,married,fixed,owner,178000,45000,4000,700,60,600,0,1,93
368847,married,freelance,owner,111000,60000,148,1,60,1895,1,0,69
368848,married,parttime,owner,71000,35000,6000,0,60,700,0,0,65
368849,single,freelance,tenant,101000,35000,0,0,60,950,1,0,50
368850,single,fixed,tenant,53000,35000,0,0,48,1200,0,1,56
368851,married,fixed,owner,116000,90000,4000,0,36,400,0,1,82
368852,single,fixed,owner,237000,35000,5000,500,12,800,0,1,72
368853,married,fixed,tenant,165000,77000,5000,0,48,1287,0,1,53
368854,single,fixed,tenant,128000,35000,0,0,24,300,0,1,50
368855,married,freelance,owner,154000,75000,5000,1600,18,375,1,0,70
368856,single,freelance,owner,216000,35000,8000,0,60,1200,1,0,57
368857,married,fixed,owner,155000,60000,4000,0,60,900,0,1,84
368858,single,freelance,owner,37000,35000,78000,0,60,1250,1,0,37
368859,married,fixed,tenant,105000,60000,3500,0,24,450,0,1,70
368860,married,parttime,tenant,82000,45000,0,0,60,1400,0,0,47
368861,married,fixed,owner,695000,60000,18000,0,36,750,0,1,106
368862,married,fixed,owner,180000,45000,7500,1400,60,1200,0,1,73
368863,married,freelance,owner,125000,60000,0,0,60,800,1,0,78
368864,married,freelance,tenant,85000,84000,0,0,36,1150,1,0,22
368865,married,fixed,owner,167000,60000,6000,1122,24,400,0,1,85
368866,single,parttime,tenant,45000,35000,0,0,60,900,0,0,42
368867,married,freelance,owner,174000,45000,9000,1692,60,1900,1,0,81
368868,single,parttime,owner,95000,35000,4500,3000,60,1080,0,0,55
368869,married,freelance,owner,334000,35000,14000,0,6,500,1,0,74
368870,married,freelance,owner,314000,75000,10000,0,60,1350,1,0,50
368871,single,fixed,tenant,110000,46000,0,0,60,1450,0,1,73
368872,married,fixed,owner,163000,45000,8000,340,60,1100,0,1,74
368873,married,fixed,owner,80000,75000,4000,0,30,650,0,1,88
368874,married,fixed,owner,110000,35000,5000,200,60,1000,0,1,66
368875,married,parttime,owner,90000,35000,1500,500,60,900,0,0,60
368876,married,freelance,owner,83000,35000,13000,0,60,900,1,0,81
368877,married,fixed,owner,190000,45000,3000,0,60,1200,0,1,71
368878,single,fixed,tenant,92000,35000,0,0,60,600,0,1,54
368879,married,parttime,owner,80000,35000,4000,0,48,800,0,0,69
368880,single,fixed,tenant,76000,35000,0,0,36,500,0,1,49
368881,married,fixed,tenant,187000,54000,0,0,60,1500,0,1,62
368882,married,parttime,tenant,170000,75000,3000,180,60,1900,0,0,55
368883,married,fixed,owner,160000,35000,3000,0,24,700,0,1,78
368884,married,freelance,owner,109000,60000,1,0,18,350,1,0,64
368885,married,fixed,tenant,165000,35000,3000,0,60,500,0,1,83
368886,married,freelance,tenant,50000,65000,10000,5000,24,1400,1,0,63
368887,married,freelance,tenant,36000,64000,0,0,36,625,1,0,43
368888,single,parttime,tenant,92000,35000,2000,0,36,700,0,0,44
368889,married,fixed,tenant,120000,45000,0,0,60,1400,0,1,53
368890,married,freelance,tenant,37000,45000,0,0,48,800,1,0,42
368891,married,fixed,tenant,242000,60000,0,0,60,1000,0,1,59
368892,single,freelance,owner,232000,35000,1,0,60,1200,1,0,64
368893,married,freelance,owner,214000,75000,10000,0,48,1143,1,0,53
368894,married,fixed,tenant,234000,68000,0,0,48,1000,0,1,41
368895,married,fixed,owner,125000,60000,59000,900,36,1500,0,1,95
368896,married,fixed,tenant,251000,35000,0,0,48,1000,0,1,65
368897,married,fixed,owner,140000,45000,4000,0,18,400,0,1,73
368898,married,fixed,owner,300000,75000,12000,0,24,1000,0,1,61
368899,married,freelance,owner,119000,45000,8000,0,24,1100,1,0,79
368900,married,fixed,owner,158000,60000,7000,3000,48,1000,0,1,76
368901,married,fixed,owner,91000,35000,3000,0,60,1150,0,1,92
368902,married,parttime,tenant,195000,35000,120000,0,60,1550,0,0,66
368903,married,fixed,owner,160000,35000,3000,0,60,900,0,1,82
368904,single,fixed,owner,110000,35000,7000,0,60,535,0,1,42
368905,married,freelance,owner,201000,35000,25000,0,60,1360,1,0,68
368906,married,fixed,owner,130000,75000,10000,0,24,500,0,1,88
368907,married,fixed,owner,68000,35000,3500,0,48,500,0,1,87
368908,single,freelance,tenant,157000,35000,0,0,36,1800,1,0,47
368909,single,fixed,tenant,233000,35000,0,0,48,1000,0,1,66
368910,single,fixed,tenant,104000,35000,0,0,24,1000,0,1,51
368911,married,fixed,owner,168000,35000,12000,0,60,800,0,1,80
368912,married,fixed,tenant,120000,35000,0,0,48,1300,0,1,61
368913,married,fixed,owner,230000,45000,2000,288,60,800,0,1,67
368914,married,freelance,owner,136000,45000,30000,0,60,1400,1,0,62
368915,married,fixed,owner,185000,35000,4000,1000,60,900,0,1,80
368916,married,fixed,owner,155000,75000,3000,200,60,675,0,1,88
368917,married,fixed,tenant,145000,50000,0,0,60,1100,0,1,74
368918,married,fixed,tenant,169000,62000,0,0,60,1200,0,1,49
368919,single,fixed,tenant,135000,49000,0,0,48,1000,0,1,50
368920,married,fixed,tenant,120000,45000,3000,0,60,900,0,1,65
368921,married,fixed,owner,200000,60000,7000,0,30,750,0,1,77
368922,single,fixed,tenant,197000,35000,0,0,36,1200,0,1,50
368923,married,fixed,owner,130000,60000,5000,0,48,650,0,1,82
368924,single,fixed,owner,55000,35000,9000,0,36,1000,0,1,59
368925,single,fixed,tenant,111000,35000,0,0,48,1000,0,1,54
368926,married,fixed,tenant,136000,60000,3500,2500,48,1000,0,1,76
368927,married,freelance,owner,157000,45000,20000,0,30,1000,1,0,92
368928,single,fixed,owner,160000,35000,3000,0,60,1650,0,1,49
368929,single,parttime,tenant,81000,35000,2500,0,36,400,0,0,59
368930,married,fixed,owner,160000,60000,12000,0,60,1850,0,1,81
368931,married,fixed,owner,81000,60000,5000,0,24,250,0,1,74
368932,married,freelance,owner,55000,35000,5000,0,24,800,1,0,62
368933,married,fixed,owner,85000,75000,8000,0,60,1500,0,1,86
368934,single,fixed,owner,95000,35000,7000,4000,48,800,0,1,67
368935,married,fixed,owner,142000,60000,5000,0,12,400,0,1,91
368936,single,freelance,owner,54000,35000,13000,0,60,1000,1,0,57
368937,single,parttime,tenant,48000,45000,3000,0,24,700,0,0,37
368938,married,fixed,owner,120000,75000,13000,3500,36,1250,0,1,71
368939,married,freelance,owner,178000,60000,15000,0,48,800,1,0,75
368940,single,fixed,tenant,102000,35000,0,0,60,1100,0,1,50
368941,married,freelance,owner,184000,35000,1,0,36,700,1,0,86
368942,single,fixed,tenant,96000,35000,0,0,48,1000,0,1,75
368943,single,freelance,tenant,8000,35000,0,0,60,900,1,0,50
368944,married,fixed,tenant,106000,46000,0,0,60,850,0,1,48
368945,married,fixed,owner,193000,45000,3000,0,36,700,0,1,76
368946,single,freelance,owner,62000,35000,11000,0,36,375,1,0,73
368947,single,fixed,tenant,120000,35000,0,0,60,1300,0,1,62
368948,married,fixed,owner,80000,60000,3600,0,60,1200,0,1,79
368949,married,fixed,owner,98000,35000,5000,1000,60,1400,0,1,64
368950,single,fixed,tenant,241000,35000,0,0,60,1100,0,1,52
368951,married,fixed,tenant,106000,45000,1500,0,60,1000,0,1,61
368952,married,fixed,owner,160000,35000,3000,0,24,800,0,1,72
368953,single,fixed,tenant,160000,51000,0,0,48,550,0,1,54
368954,married,freelance,tenant,184000,45000,3000,0,60,1000,1,0,50
368955,married,fixed,owner,80000,45000,3000,0,36,900,0,1,68
368956,married,freelance,owner,178000,35000,7000,0,48,1000,1,0,77
368957,married,fixed,tenant,193000,94000,0,0,36,600,0,1,54
368958,single,fixed,tenant,60000,35000,0,0,60,1175,0,1,66
368959,single,freelance,tenant,80000,43000,0,0,48,1250,1,0,39
368960,married,fixed,tenant,103000,60000,87,0,60,1300,0,1,60
368961,married,fixed,owner,107000,45000,2000,0,60,1000,0,1,81
368962,single,fixed,tenant,111000,46000,0,0,36,500,0,1,62
368963,married,freelance,owner,200000,45000,7000,0,60,1000,1,0,71
368964,married,freelance,owner,187000,45000,8000,3600,48,600,1,0,62
368965,single,freelance,owner,19000,35000,1,0,60,700,1,0,58
368966,single,parttime,tenant,182000,35000,0,0,48,800,0,0,38
368967,married,fixed,owner,145000,90000,12000,0,36,1100,0,1,87
368968,single,fixed,tenant,97000,45000,0,0,60,1250,0,1,54
368969,married,fixed,tenant,148000,45000,0,0,30,850,0,1,53
368970,married,fixed,owner,170000,75000,4000,0,36,1200,0,1,86
368971,single,freelance,owner,232000,35000,80000,0,48,1800,1,0,79
368972,married,freelance,tenant,101000,105000,0,0,36,500,1,0,43
368973,married,parttime,tenant,73000,52000,0,0,36,400,0,0,45
368974,married,parttime,tenant,90000,60000,0,0,60,1000,0,0,40
368975,single,fixed,owner,125000,35000,4000,0,60,1000,0,1,52
368976,single,freelance,tenant,115000,35000,0,0,60,1250,1,0,55
368977,married,fixed,owner,192000,45000,6000,2500,60,1300,0,1,71
368978,single,fixed,owner,84000,35000,5000,3000,60,600,0,1,61
368979,married,freelance,tenant,150000,35000,2000,0,60,1000,1,0,59
368980,married,freelance,tenant,111000,46000,0,0,36,1000,1,0,45
368981,married,parttime,tenant,139000,49000,0,0,48,1450,0,0,26
368982,married,fixed,tenant,240000,84000,0,0,60,1000,0,1,60
368983,single,fixed,tenant,50000,35000,0,0,36,500,0,1,77
368984,married,parttime,tenant,76000,45000,0,0,48,700,0,0,58
368985,married,freelance,owner,188000,45000,14000,0,48,900,1,0,67
368986,married,parttime,tenant,95000,70000,0,0,36,800,0,0,45
368987,married,freelance,owner,145000,35000,4000,0,48,350,1,0,86
368988,married,parttime,tenant,72000,42000,0,0,60,850,0,0,44
368989,single,parttime,tenant,120000,35000,0,0,36,1100,0,0,57
368990,single,fixed,tenant,85000,35000,0,0,48,1200,0,1,72
368991,married,fixed,tenant,60000,45000,5000,0,36,250,0,1,43
368992,married,fixed,owner,211000,45000,4500,0,12,800,0,1,77
368993,single,parttime,owner,67000,35000,5000,0,48,760,0,0,57
368994,married,parttime,owner,143000,35000,5500,3000,60,1150,0,0,48
368995,single,freelance,tenant,84000,35000,0,0,48,1300,1,0,59
368996,married,freelance,owner,134000,45000,5000,0,24,250,1,0,80
368997,married,fixed,owner,76000,60000,5000,0,60,1000,0,1,85
368998,married,fixed,owner,106000,60000,7000,4000,60,700,0,1,91
368999,married,fixed,owner,90000,45000,3500,0,36,675,0,1,92
369000,married,fixed,tenant,120000,60000,3000,1000,60,1450,0,1,70
369001,married,parttime,tenant,85000,45000,0,0,60,1000,0,0,35
369002,married,parttime,tenant,183000,45000,0,0,60,1600,0,0,24
369003,married,fixed,owner,75000,35000,3000,0,60,1350,0,1,75
369004,single,fixed,owner,120000,35000,0,0,60,1400,0,1,60
369005,single,fixed,owner,83000,35000,2500,0,48,650,0,1,72
369006,married,freelance,owner,102000,60000,4000,0,48,1000,1,0,69
369007,married,fixed,tenant,71000,97000,0,0,36,1300,0,1,30
369008,married,fixed,tenant,92000,60000,6000,0,60,1220,0,1,41
369009,married,fixed,tenant,107000,71000,4000,0,60,1300,0,1,54
369010,married,freelance,tenant,164000,35000,0,0,36,850,1,0,40
369011,single,freelance,tenant,150000,35000,3000,0,12,275,1,0,51
369012,single,fixed,tenant,120000,47000,0,0,60,1400,0,1,74
369013,married,parttime,tenant,112000,60000,1500,0,48,900,0,0,57
369014,married,fixed,owner,60000,60000,6000,0,36,1200,0,1,81
369015,single,parttime,tenant,78000,43000,0,0,36,1200,0,0,47
369016,married,fixed,owner,73000,60000,3500,0,36,475,0,1,88
369017,married,fixed,tenant,130000,48000,0,0,60,1150,0,1,56
369018,married,fixed,owner,165000,35000,6000,2500,18,600,0,1,91
369019,married,freelance,owner,214000,45000,7500,0,60,1300,1,0,74
369020,married,freelance,tenant,93000,45000,0,0,60,1000,1,0,39
369021,married,parttime,tenant,166000,77000,0,0,60,850,0,0,43
369022,married,fixed,tenant,210000,60000,5000,0,60,1500,0,1,48
369023,married,fixed,owner,110000,45000,11500,1750,60,800,0,1,79
369024,married,fixed,owner,87000,45000,10000,4500,60,900,0,1,80
369025,married,fixed,owner,194000,60000,7000,0,60,1600,0,1,74
369026,single,fixed,owner,150000,60000,30000,3000,36,1000,0,1,47
369027,married,freelance,owner,52000,35000,19000,0,12,550,1,0,88
369028,married,fixed,owner,75000,35000,4500,1000,60,900,0,1,73
369029,married,freelance,owner,297000,90000,8000,4000,60,1550,1,0,58
369030,married,fixed,owner,182000,60000,3000,350,60,1300,0,1,75
369031,married,fixed,tenant,201000,45000,0,0,24,800,0,1,58
369032,married,fixed,owner,180000,45000,5000,0,60,1600,0,1,74
369033,single,parttime,tenant,100000,35000,0,0,36,1000,0,0,55
369034,married,fixed,tenant,115000,57000,10000,0,60,900,0,1,81
369035,married,fixed,tenant,75000,60000,3000,600,42,1200,0,1,47
369036,married,fixed,owner,210000,45000,5000,2700,60,1100,0,1,92
369037,single,fixed,tenant,110000,35000,0,0,24,1000,0,1,72
369038,single,freelance,owner,700000,35000,23000,0,30,1500,1,0,71
369039,married,fixed,tenant,103000,85000,0,0,60,1090,0,1,52
369040,single,fixed,tenant,130000,105000,2500,0,48,1750,0,1,51
369041,single,fixed,owner,95000,35000,16500,0,60,1600,0,1,72
369042,married,fixed,owner,200000,75000,9000,2500,60,1400,0,1,86
369043,married,fixed,owner,161000,35000,14000,0,36,1200,0,1,90
369044,single,freelance,tenant,101000,35000,0,0,48,1500,1,0,42
369045,married,fixed,owner,120000,75000,7500,4750,48,900,0,1,62
369046,married,fixed,tenant,115000,72000,0,0,48,350,0,1,79
369047,single,fixed,owner,150000,35000,5000,2800,60,1300,0,1,35
369048,married,fixed,tenant,230000,45000,7000,0,36,2800,0,1,38
369049,married,fixed,owner,118000,45000,10000,7200,48,1100,0,1,72
369050,married,parttime,tenant,93000,45000,3000,0,60,1900,0,0,36
369051,married,fixed,owner,149000,60000,12000,0,48,700,0,1,82
369052,married,fixed,owner,95000,35000,2000,0,60,1300,0,1,66
369053,married,freelance,owner,250000,60000,3000,0,24,1100,1,0,63
369054,married,freelance,tenant,160000,45000,0,0,60,1150,1,0,50
369055,married,fixed,owner,190000,75000,5000,0,36,1070,0,1,90
369056,single,fixed,tenant,56000,35000,0,0,48,325,0,1,77
369057,single,parttime,tenant,70000,35000,0,0,48,1200,0,0,49
369058,married,fixed,tenant,208000,56000,0,0,36,600,0,1,63
369059,married,fixed,tenant,210000,66000,0,0,60,1200,0,1,71
369060,married,fixed,tenant,102000,45000,0,0,36,535,0,1,65
369061,single,freelance,tenant,50000,40000,148,1,36,500,1,0,70
369062,single,freelance,owner,214000,35000,53500,0,12,1150,1,0,57
369063,married,fixed,tenant,140000,45000,5000,0,60,1400,0,1,55
369064,married,freelance,tenant,23000,35000,3000,0,36,250,1,0,75
369065,married,fixed,owner,110000,60000,5500,2500,60,1000,0,1,76
369066,married,parttime,tenant,127000,48000,0,0,60,1250,0,0,44
369067,single,fixed,tenant,60000,35000,0,0,24,250,0,1,56
369068,single,freelance,tenant,114000,35000,0,0,60,1500,1,0,35
369069,married,fixed,owner,184000,45000,5000,0,36,1000,0,1,85
369070,married,fixed,owner,87000,35000,2500,0,60,1000,0,1,89
369071,single,fixed,tenant,120000,47000,3000,0,60,1400,0,1,36
369072,married,fixed,owner,145000,45000,5000,0,60,1350,0,1,81
369073,married,fixed,owner,81000,35000,11000,0,60,1400,0,1,87
369074,married,fixed,tenant,92000,35000,6000,0,60,900,0,1,51
369075,single,fixed,tenant,97000,70000,0,0,36,500,0,1,60
369076,married,fixed,owner,150000,45000,5000,0,36,650,0,1,83
369077,married,fixed,tenant,102000,45000,0,0,36,600,0,1,56
369078,married,fixed,owner,99000,35000,2500,0,60,900,0,1,90
369079,married,parttime,tenant,56000,41000,0,0,36,500,0,0,32
369080,married,fixed,tenant,80000,35000,3500,0,36,800,0,1,58
369081,single,fixed,tenant,94000,35000,0,0,60,1300,0,1,46
369082,single,parttime,tenant,205000,35000,0,0,60,1100,0,0,47
369083,married,fixed,tenant,118000,47000,0,0,60,1260,0,1,73
369084,married,fixed,tenant,113000,60000,1500,0,60,1050,0,1,60
369085,single,fixed,tenant,120000,35000,2500,0,36,1150,0,1,46
369086,married,fixed,owner,70000,60000,5000,0,60,900,0,1,67
369087,single,fixed,tenant,105000,35000,0,0,48,1600,0,1,68
369088,single,parttime,tenant,55000,35000,0,0,60,1500,0,0,18
369089,married,freelance,tenant,102000,70000,0,0,60,1100,1,0,65
369090,single,fixed,tenant,79000,35000,6000,0,36,550,0,1,79
369091,married,fixed,tenant,152000,60000,3500,750,60,800,0,1,60
369092,married,fixed,tenant,105000,71000,0,0,60,700,0,1,61
369093,single,fixed,tenant,89000,35000,0,0,48,800,0,1,36
369094,married,parttime,tenant,95000,60000,2000,0,60,1065,0,0,43
369095,married,fixed,tenant,91000,69000,0,0,60,1000,0,1,31
369096,married,fixed,owner,96000,35000,5000,0,60,950,0,1,71
369097,single,fixed,tenant,128000,48000,0,0,36,1400,0,1,54
369098,single,fixed,tenant,120000,47000,0,0,60,1400,0,1,53
369099,single,parttime,tenant,70000,35000,0,0,30,550,0,0,45
369100,married,fixed,tenant,162000,90000,2500,400,60,1550,0,1,56
369101,married,freelance,tenant,81000,45000,19000,0,60,900,1,0,65
369102,married,fixed,owner,205000,35000,4000,0,60,950,0,1,78
369103,married,freelance,tenant,71000,60000,5000,0,36,1000,1,0,66
369104,married,fixed,owner,177000,35000,4000,3000,48,1150,0,1,86
369105,married,fixed,owner,92000,45000,800,0,36,1200,0,1,74
369106,married,freelance,tenant,99000,35000,0,0,36,800,1,0,59
369107,single,parttime,tenant,67000,35000,3500,0,36,1500,0,0,46
369108,married,fixed,owner,100000,35000,7000,0,36,2000,0,1,67
369109,single,fixed,tenant,75000,35000,0,0,60,1340,0,1,72
369110,married,freelance,owner,100000,35000,70000,0,60,1175,1,0,74
369111,married,fixed,owner,117000,35000,4000,0,12,275,0,1,76
369112,married,fixed,tenant,63000,35000,4000,0,48,700,0,1,57
369113,married,fixed,tenant,146000,35000,0,0,60,800,0,1,51
369114,single,fixed,tenant,200000,35000,0,0,48,1400,0,1,61
369115,single,fixed,owner,300000,35000,5000,2500,60,1350,0,1,56
369116,married,fixed,owner,231000,60000,7000,3000,60,1100,0,1,72
369117,married,fixed,tenant,130000,58000,0,0,60,1000,0,1,50
369118,married,fixed,owner,114000,60000,4000,600,24,400,0,1,77
369119,married,fixed,owner,110000,35000,15000,0,12,700,0,1,96
369120,married,fixed,owner,72000,60000,7000,0,48,700,0,1,72
369121,single,fixed,tenant,125000,48000,0,0,36,500,0,1,52
369122,married,freelance,tenant,53000,60000,0,0,48,2000,1,0,32
369123,married,parttime,tenant,154000,75000,0,0,60,1500,0,0,36
369124,married,fixed,owner,100000,60000,12000,0,60,500,0,1,61
369125,married,fixed,tenant,100000,70000,0,0,60,500,0,1,69
369126,single,parttime,tenant,82000,35000,0,0,60,700,0,0,32
369127,married,freelance,owner,105000,35000,4000,0,12,380,1,0,77
369128,married,fixed,owner,68000,60000,6000,0,48,850,0,1,94
369129,married,freelance,owner,107000,45000,3500,0,24,400,1,0,73
369130,married,fixed,owner,104000,45000,5000,0,36,275,0,1,87
369131,married,fixed,tenant,150000,35000,0,0,36,3000,0,1,28
369132,married,parttime,owner,100000,35000,12000,0,60,1300,0,0,70
369133,married,freelance,tenant,82000,60000,20000,0,36,1200,1,0,48
369134,married,fixed,owner,220000,45000,13500,0,60,1543,0,1,58
369135,married,fixed,owner,116000,35000,3000,42,60,1450,0,1,60
369136,married,fixed,owner,230000,35000,10000,0,36,600,0,1,82
369137,single,fixed,owner,466000,35000,6000,0,48,2700,0,1,82
369138,married,fixed,tenant,159000,61000,0,0,36,800,0,1,73
369139,married,fixed,tenant,58000,45000,0,0,48,1000,0,1,48
369140,married,fixed,tenant,163000,51000,0,0,60,1000,0,1,70
369141,married,freelance,tenant,225000,60000,0,0,60,1300,1,0,53
369142,married,fixed,owner,137000,45000,20000,0,36,3000,0,1,67
369143,married,freelance,tenant,50000,60000,5000,0,48,900,1,0,44
369144,married,fixed,owner,131000,75000,5000,0,60,1150,0,1,81
369145,married,fixed,owner,70000,45000,5000,0,36,700,0,1,72
369146,married,freelance,tenant,204000,60000,3000,120,60,1600,1,0,60
369147,single,fixed,tenant,90000,44000,7000,0,48,600,0,1,59
369148,married,fixed,tenant,110000,45000,3000,800,48,1100,0,1,70
369149,married,freelance,owner,300000,60000,60000,0,6,600,1,0,83
369150,married,fixed,owner,104000,60000,6000,0,36,750,0,1,90
369151,single,fixed,tenant,108000,35000,0,0,36,1000,0,1,32
369152,married,fixed,owner,148000,75000,3000,200,60,1500,0,1,56
369153,married,fixed,owner,208000,45000,10000,4800,48,900,0,1,83
369154,single,parttime,tenant,48000,35000,0,0,36,400,0,0,33
369155,married,fixed,owner,230000,45000,7500,0,36,1350,0,1,71
369156,married,fixed,tenant,267000,45000,0,0,36,1000,0,1,75
369157,single,fixed,tenant,187000,35000,15000,0,48,1100,0,1,70
369158,married,fixed,owner,170000,60000,9000,0,48,1900,0,1,54
369159,married,fixed,owner,88000,45000,30000,0,60,2500,0,1,72
369160,single,parttime,tenant,71000,35000,0,0,36,1000,0,0,51
369161,married,fixed,owner,92000,35000,5000,0,48,600,0,1,96
369162,married,freelance,owner,95000,45000,10000,360,60,1350,1,0,66
369163,single,fixed,tenant,125000,48000,0,0,48,1150,0,1,47
369164,married,fixed,tenant,138000,74000,0,0,36,1350,0,1,35
369165,married,fixed,owner,143000,60000,7000,0,60,2100,0,1,57
369166,married,fixed,owner,218000,35000,14000,2800,60,300,0,1,101
369167,married,fixed,owner,120000,45000,5000,0,60,400,0,1,80
369168,single,fixed,tenant,120000,35000,0,0,36,425,0,1,73
369169,single,fixed,owner,130000,60000,8000,5000,60,1400,0,1,67
369170,married,fixed,tenant,165000,35000,5000,0,60,1720,0,1,59
369171,married,freelance,owner,115000,45000,4000,1900,36,700,1,0,72
369172,married,fixed,owner,114000,45000,5500,4500,60,1600,0,1,59
369173,single,fixed,tenant,84000,35000,0,0,60,1150,0,1,50
369174,single,fixed,tenant,174000,35000,7000,6500,60,950,0,1,61
369175,married,fixed,tenant,140000,74000,0,0,36,1400,0,1,40
369176,married,freelance,owner,142000,35000,24000,0,6,300,1,0,97
369177,married,fixed,tenant,90000,54000,0,0,60,1442,0,1,53
369178,married,fixed,tenant,75000,35000,0,0,60,700,0,1,70
369179,single,parttime,tenant,74000,42000,0,0,60,750,0,0,32
369180,married,fixed,tenant,124000,57000,0,0,60,1200,0,1,48
369181,single,fixed,tenant,110000,46000,0,0,36,900,0,1,69
369182,married,fixed,owner,120000,45000,2500,0,48,650,0,1,70
369183,married,fixed,owner,205000,60000,7000,3500,60,1000,0,1,85
369184,married,freelance,owner,51000,45000,26000,0,36,1500,1,0,59
369185,single,fixed,tenant,140000,35000,0,0,48,1350,0,1,40
369186,single,freelance,tenant,38000,45000,3000,0,36,500,1,0,49
369187,married,freelance,owner,107000,45000,8000,0,60,2500,1,0,55
369188,married,fixed,tenant,77000,53000,0,0,60,700,0,1,51
369189,married,fixed,owner,190000,45000,5000,3500,60,600,0,1,56
369190,married,freelance,owner,175000,45000,5000,0,48,600,1,0,83
369191,married,freelance,owner,285000,45000,7000,0,36,900,1,0,73
369192,married,parttime,tenant,129000,45000,4500,0,60,1160,0,0,33
369193,single,freelance,owner,232000,35000,40000,23500,60,2000,1,0,21
369194,married,fixed,tenant,114000,45000,3000,1800,60,1150,0,1,55
369195,married,parttime,tenant,108000,35000,0,0,60,1200,0,0,47
369196,single,parttime,tenant,60000,66000,0,0,60,1500,0,0,15
369197,married,fixed,owner,100000,35000,5000,0,60,900,0,1,73
369198,married,freelance,owner,140000,45000,4300,0,60,2200,1,0,57
369199,married,fixed,owner,154000,35000,7000,1700,36,1400,0,1,78
369200,married,fixed,owner,150000,60000,9000,0,60,1300,0,1,71
369201,married,fixed,owner,175000,75000,4000,0,48,875,0,1,69
